	PassengerId	Survived	Pclass	Name	Sex	SibSp	Parch	Ticket	Fare	Embarked	ship
0	1	0	3.0	Braund, Mr. Owen Harris	male	1	0	A/5 21171	7,25	S	Titanic
1	2	1	1.0	Cumings, Mrs. John Bradley (Florence Briggs Thayer)	female	1	0	PC 17599	71,2833	C	Titanic
2	3	1	3.0	Heikkinen, Miss. Laina	female	0	0	STON/O2. 3101282	7,925	S	Titanic
3	4	1	1.0	Futrelle, Mrs. Jacques Heath (Lily May Peel)	female	1	0	113803	53,1	S	Titanic
4	5	0	3.0	Allen, Mr. William Henry	male	0	0	373450	8,05	S	Titanic
5	6	0	3.0	Moran, Mr. James	male	0	0	330877	8,4583	Q	Titanic
6	7	0	1.0	McCarthy, Mr. Timothy J	male	0	0	17463	51,8625	S	Titanic
7	8	0	3.0	Palsson, Master. Gosta Leonard	male	3	1	349909	21,075	S	Titanic
8	9	1	3.0	Johnson, Mrs. Oscar W (Elisabeth Vilhelmina Berg)	female	0	2	347742	11,1333	S	Titanic
9	10	1	2.0	Nasser, Mrs. Nicholas (Adele Achem)	female	1	0	237736	30,0708	C	Titanic
10	11	1	3.0	Sandstrom, Miss. Marguerite Ru&5$$	female	1	1	PP 9549	16,7	S	Titanic
11	12	1	1.0	Bonnell, Miss. Elizabeth	female	0	0	113783	26,55	S	Titanic
12	13	0	3.0	Saundercock, Mr. William Henry	male	0	0	A/5. 2151	8,05	S	Titanic
13	14	0	3.0	Vestrom, Miss. Hulda Amanda Adolfina	female	0	0	350406	7,8542	S	Titanic
14	15	1	2.0	Hewlett, Mrs. (Mary D Kingcome)	female	0	0	248706	16	S	Titanic
15	16	0	3.0	Rice, Master. Eugene	male	4	1	382652	29,125	Q	Titanic
16	17	1	2.0	Williams, Mr. Charles Eugene	male	0	0	244373	13	So	Titanic
17	18	0	3.0	Vander Planke, Mrs. Julius (Emelia Maria Vandemoortele)	female	1	0	345763	18	S	Titanic
18	19	1	3.0	Masselmani, Mrs. Fatima	female	0	0	2649	7,225	C	Titanic
19	20	0	2.0	Fynney, Mr. Joseph J	male	0	0	239865	26	S	Titanic
20	21	1	2.0	Beesley, Mr. Lawrence	male	0	0	248698	13	S	Titanic
21	22	1	3.0	"McGowan, Miss. Anna ""Annie"""	female	0	0	330923	8,0292	Q	Titanic
22	23	0	3.0	Palsson, Miss. Torborg Danira	female	3	1	349909	21,075	S	Titanic
23	24	1	3.0	Asplund, Mrs. Carl Oscar (Selma Augusta Emilia Johansson)	female	1	5	347077	31,3875	S	Titanic
24	25	0	3.0	Emir, Mr. Farred Chehab	male	0	0	2631	7,225	C	Titanic
25	26	0	1.0	Fortune, Mr. Charles Alexander	male	3	2	19950	263	S	Titanic
26	27	1	3.0	"O'Dwyer, Miss. Ellen ""Nellie"""	female	0	0	330959	7,8792	Q	Titanic
27	28	0	3.0	Todoroff, Mr. Lalio	male	0	0	349216	7,8958	S	Titanic
28	29	0	1.0	Uruchurtu, Don. Manuel E	male	0	0	PC 17601	27,7208	C	Titanic
29	30	1	1.0	Spencer, Mrs. William Augustus (Marie Eugenie)	female	1	0	PC 17569	146,5208	C	Titanic
30	31	1	3.0	Glynn, Miss. Mary Agatha	female	0	0	335677	7,75	Q	Titanic
31	32	0	2.0	Wheadon, Mr. Edward H	male	0	0	C.A. 24579	10,5	S	Titanic
32	33	0	1.0	Meyer, Mr. Edgar Joseph	male	1	0	PC 17604	82,1708	C	Titanic
33	34	0	1.0	Holverson, Mr. Alexander Oskar	male	1	0	113789	52	S	Titanic
34	35	1	3.0	Mamee, Mr. Hanna	male	0	0	2677	7,2292	C	Titanic
35	36	0	3.0	Cann, Mr. Ernest Charles	male	0	0	A./5. 2152	8,05	S	Titanic
36	37	0	3.0	Vander Planke, Miss. Augusta Maria	female	2	0	345764	18	S	Titanic
37	38	1	3.0	Nicola-Yarred, Miss. Jamila	female	1	0	2651	11,2417	C	Titanic
38	39	0	3.0	Ahlin, Mrs. Johan (Johanna Persdotter Larsson)	female	1	0	7546	9,475	S	Titanic
39	40	0	2.0	Turpin, Mrs. William John Robert (Dorothy Ann Wonnacott)	female	1	0	11668	21	S	Titanic
40	41	0	3.0	Kraeff, Mr. Theodor	male	0	0	349253	7,8958	C	Titanic
41	42	1	2.0	Laroche, Miss. Simonne Marie Anne Andree	female	1	2	SC/Paris 2123	41,5792	C	Titanic
42	43	1	3.0	Devaney, Miss. Margaret Delia	female	0	0	330958	7,8792	Q	Titanic
43	44	0	3.0	Rogers, Mr. William John	male	0	0	S.C./A.4. 23567	8,05	S	Titanic
44	45	0	3.0	Lennon, Mr. Denis	male	1	0	370371	15,5	Q	Titanic
45	46	1	3.0	O'Driscoll, Miss. Bridget	female	0	0	14311	7,75	Q	Titanic
46	47	0	3.0	Samaan, Mr. Youssef	male	2	0	2662	21,6792	C	Titanic
47	48	0	3.0	Arnold-Franchi, Mrs. Josef (Josefine Franchi)	female	1	0	349237	17,8	S	Titanic
48	49	0	3.0	Panula, Master. Juha Niilo	male	4	1	3101295	39,6875	S	Titanic
49	50	0	3.0	Nosworthy, Mr. Richard Cater	male	0	0	A/4. 39886	7,8	S	Titanic
50	51	1	1.0	Harper, Mrs. Henry Sleeper (Myna Haxtun)	female	1	0	PC 17572	76,7292	C	Titanic
51	52	1	2.0	Faunthorpe, Mrs. Lizzie (Elizabeth Anne Wilkinson)	female	1	0	2926	26	S	Titanic
52	53	0	1.0	Ostby, Mr. Engelhart Cornelius	male	0	1	113509	61,9792	C	Titanic
53	54	1	1.0	Woolner, Mr. Hugh	male	0	0	19947	35,5	S	Titanic
54	55	1	2.0	Rugg, Miss. Emily	female	0	0	C.A. 31026	10,5	S	Titanic
55	56	0	3.0	Novel, Mr. Mansouer	male	0	0	2697	7,2292	C	Titanic
56	57	1	2.0	West, Miss. Constance Mirium	female	1	2	C.A. 34651	27,75	S	Titanic
57	58	0	3.0	Goodwin, Master. William Frederick	male	5	2	CA 2144	46,9	S	Titanic
58	59	0	3.0	Sirayanian, Mr. Orsen	male	0	0	2669	7,2292	C	Titanic
59	60	0	1.0	Harris, Mr. Henry Birkhardt	male	1	0	36973	83,475	S	Titanic
60	61	0	3.0	Skoog, Master. Harald	male	3	2	347088	27,9	S	Titanic
61	62	0	1.0	Stewart, Mr. Albert A	male	0	0	PC 17605	27,7208	C	Titanic
62	63	1	3.0	Moubarek, Master. Gerios	male	1	1	2661	15,2458	C	Titanic
63	64	1	2.0	Nye, Mrs. (Elizabeth Ramell)	female	0	0	C.A. 29395	10,5	S	Titanic
64	65	0	3.0	Crease, Mr. Ernest James	male	0	0	S.P. 3464	8,1583	S	Titanic
65	66	1	3.0	Andersson, Miss. Erna Alexandra	female	4	2	3101281	7,925	S	Titanic
66	67	0	3.0	Kink, Mr. Vincenz	male	2	0	315151	8,6625	S	Titanic
67	68	0	2.0	Jenkin, Mr. Stephen Curnow	male	0	0	C.A. 33111	10,5	S	Titani
68	69	0	3.0	Goodwin, Miss. Lillian Amy	female	5	2	CA 2144	46,9	S	Titanic
69	70	0	2.0	Hood, Mr. Ambrose Jr	male	0	0	S.O.C. 14879	73,5	S	Titanic
70	71	0	3.0	Chronopoulos, Mr. Apostolos	male	1	0	2680	14,4542	C	Titanic
71	72	1	3.0	Bing, Mr. Lee	male	0	0	1601	56,4958	S	Titanic
72	73	0	3.0	Moen, Mr. Sigurd Hansen	male	0	0	348123	7,65	S	Titanic
73	74	0	3.0	Staneff, Mr. Ivan	male	0	0	349208	7,8958	S	Titanic
74	75	0	3.0	Moutal, Mr. Rahamin Haim	male	0	0	374746	8,05	S	Titanic
75	76	1	2.0	Caldwell, Master. Alden Gates	male	0	2	248738	29	S	Titanic
76	77	1	3.0	Dowdell, Miss. Elizabeth	female	0	0	364516	12,475	S	Titanic
77	78	0	3.0	Waelens, Mr. Achille	male	0	0	345767	9	S	Titanic
78	79	1	3.0	Sheerlinck, Mr. Jan Baptist	male	0	0	345779	9,5	S	Titanic
79	80	1	3.0	McDermott, Miss. Brigdet Delia	female	0	0	330932	7,7875	Q	Titanic
80	81	0	1.0	Carrau, Mr. Francisco M	male	0	0	113059	47,1	S	Titanic
81	82	1	2.0	Ilett, Miss. Bertha	female	0	0	SO/C 14885	10,5	S	Titanic
82	83	1	3.0	Backstrom, Mrs. Karl Alfred (Maria Mathilda Gustafsson)	female	3	0	3101278	15,85	S	Titanic
83	84	0	3.0	Ford, Mr. William Neal	male	1	3	W./C. 6608	34,375	S	Titanic
84	85	0	3.0	Slocovski, Mr. Selman Francis	male	0	0	SOTON/OQ 392086	8,05	S	Titanic
85	86	1	1.0	Fortune, Miss. Mabel Helen	female	3	2	19950	263	S	Titanic
86	87	0	3.0	Celotti, Mr. Francesco	male	0	0	343275	8,05	S	Titanic
87	88	0	3.0	Christmann, Mr. Emil	male	0	0	343276	8,05	S	Titanic
88	89	0	3.0	Andreasson, Mr. Paul Edvin	male	0	0	347466	7,8542	S	Titanic
89	90	0	1.0	Chaffee, Mr. Herbert Fuller	male	1	0	W.E.P. 5734	61,175	S	Titanic
90	91	0	3.0	Dean, Mr. Bertram Frank	male	1	2	C.A. 2315	20,575	S	Titanic
91	92	0	3.0	Coxon, Mr. Daniel	male	0	0	364500	7,25	S	Titanic
92	93	0	3.0	Shorney, Mr. Charles Joseph	male	0	0	374910	8,05	S	Titanic
93	94	0	1.0	Goldschmidt, Mr. George B	male	0	0	PC 17754	34,6542	C	Titanic
94	95	1	1.0	Greenfield, Mr. William Bertram	male	0	1	PC 17759	63,3583	C	Titanic
95	96	1	2.0	Doling, Mrs. John T (Ada Julia Bone)	female	0	1	231919	23	S	Titanic
96	97	0	2.0	Kantor, Mr. Sinai	male	1	0	244367	26	S	Titanic
97	98	0	3.0	Petranec, Miss. Matilda	female	0	0	349245	7,8958	S	Titanic
98	99	0	3.0	"Petroff, Mr. Pastcho (""Pentcho"")"	male	0	0	349215	7,8958	S	Titanic
99	100	0	1.0	White, Mr. Richard Frasar	male	0	1	35281	77,2875	S	Titanic
100	101	0	3.0	Johansson, Mr. Gustaf Joel	male	0	0	7540	8,6542	S	Titanic
101	102	0	3.0	Gustafsson, Mr. Anders Vilhelm	male	2	0	3101276	7,925	S	Titanic
102	103	0	3.0	Mionoff, Mr. Stoytcho	male	0	0	349207	7,8958	S	Titanic
103	104	1	3.0	Salkjelsvik, Miss. Anna Kristine	female	0	0	343120	7,65	S	Titanic
104	105	1	3.0	Moss, Mr. Albert Johan	male	0	0	312991	7,775	S	Titanic
105	106	0	3.0	Rekic, Mr. Tido	male	0	0	349249	7,8958	S	Titanic
106	107	1	3.0	Moran, Miss. Bertha	female	1	0	371110	24,15	Q	Titanic
107	108	0	1.0	Porter, Mr. Walter Chamberlain	male	0	0	110465	52	S	Titanic
108	109	0	3.0	Zabour, Miss. Hileni	female	1	0	2665	14,4542	C	Titanic
109	110	0	3.0	Barton, Mr. David John	male	0	0	324669	8,05	S	Titanic
110	111	0	3.0	Jussila, Miss. Katriina	female	1	0	4136	9,825	S	Titanic
111	112	0	3.0	Attalah, Miss. Malake	female	0	0	2627	14,4583	C	Titanic
112	113	0	3.0	Pekoniemi, Mr. Edvard	male	0	0	STON/O 2. 3101294	7,925	S	Titanic
113	114	0	3.0	Connors, Mr. Patrick	male	0	0	370369	7,75	Q	Titanic
114	115	0	2.0	Turpin, Mr. William John Robert	male	1	0	11668	21	S	Titanic
115	116	0	1.0	Baxter, Mr. Quigg Edmond	male	0	1	PC 17558	247,5208	C	Titanic
116	117	0	3.0	Andersson, Miss. Ellis Anna Maria	female	4	2	347082	31,275	S	Titanic
117	118	0	2.0	Hickman, Mr. Stanley George	male	2	0	S.O.C. 14879	73,5	S	Titanic
118	119	0	3.0	Moore, Mr. Leonard Charles	male	0	0	A4. 54510	8,05	S	Titanic
119	120	0	2.0	Nasser, Mr. Nicholas	male	1	0	237736	30,0708	C	Titanic
120	121	1	2.0	Webber, Miss. Susan	female	0	0	27267	13	S	Titanic
121	122	0	1.0	White, Mr. Percival Wayland	male	0	1	35281	77,2875	S	Titanic
122	123	1	3.0	Nicola-Yarred, Master. Elias	male	1	0	2651	11,2417	C	Titanic
123	124	0	3.0	McMahon, Mr. Martin	male	0	0	370372	7,75	Q	Titanic
124	125	1	3.0	Madsen, Mr. Fridtjof Arne	male	0	0	C 17369	7,1417	S	Titanic
125	126	1	3.0	Peter, Miss. Anna	female	1	1	2668	22,3583	C	Titanic
126	127	0	3.0	Ekstrom, Mr. Johan	male	0	0	347061	6,975	S	Titanic
127	128	0	3.0	Drazenoic, Mr. Jozef	male	0	0	349241	7,8958	C	Titanic
128	129	0	3.0	Coelho, Mr. Domingos Fernandeo	male	0	0	SOTON/O.Q. 3101307	7,05	S	Titanic
129	130	0	3.0	Robins, Mrs. Alexander A (Grace Charity Laury)	female	1	0	A/5. 3337	14,5	S	Titanic
130	131	1	2.0	Weisz, Mrs. Leopold (Mathilde Francoise Pede)	female	1	0	228414	26	S	Titanic
131	132	0	2.0	Sobey, Mr. Samuel James Hayden	male	0	0	C.A. 29178	13	S	Titanic
132	133	0	2.0	Richard, Mr. Emile	male	0	0	SC/PARIS 2133	15,0458	C	Titanic
133	134	1	1.0	Newsom, Miss. Helen Monypeny	female	0	2	11752	26,2833	S	Titanic
134	135	0	1.0	Futrelle, Mr. Jacques Heath	male	1	0	113803	53,1	S	Titanic
135	136	0	3.0	Osen, Mr. Olaf Elon	male	0	0	7534	9,2167	S	Titanic
136	137	0	1.0	Giglio, Mr. Victor	male	0	0	PC 17593	79,2	C	Titanic
137	138	0	3.0	Boulos, Mrs. Joseph (Sultana)	female	0	2	2678	15,2458	C	Titanic
138	139	1	3.0	Nysten, Miss. Anna Sofia	female	0	0	347081	7,75	S	Titanic
139	140	1	3.0	Hakkarainen, Mrs. Pekka Pietari (Elin Matilda Dolck)	female	1	0	STON/O2. 3101279	15,85	S	Titanic
140	141	0	3.0	Burke, Mr. Jeremiah	male	0	0	365222	6,75	Q	Titanic
141	142	0	2.0	Andrew, Mr. Edgardo Samuel	male	0	0	231945	11,5	S	Titanic
142	143	0	2.0	Nicholls, Mr. Joseph Charles	male	1	1	C.A. 33112	36,75	S	Titanic
143	144	1	3.0	"Andersson, Mr. August Edvard (""Wennerstrom"")"	male	0	0	350043	7,7958	S	Titanic
144	145	0	3.0	"Ford, Miss. Robina Maggie ""Ruby"""	female	2	2	W./C. 6608	34,375	S	Titanic
145	146	0	2.0	"Navratil, Mr. Michel (""Louis M Hoffman"")"	male	0	2	230080	26	S	Titanic
146	147	0	2.0	Byles, Rev. Thomas Roussel Davids	male	0	0	244310	13	S	Titanic
147	148	0	2.0	Bateman, Rev. Robert James	male	0	0	S.O.P. 1166	12,525	S	Titanic
148	149	1	1.0	Pears, Mrs. Thomas (Edith Wearne)	female	1	0	113776	66,6	S	Titanic
149	150	0	3.0	Meo, Mr. Alfonzo	male	0	0	A.5. 11206	8,05	S	Titanic
150	151	0	3.0	van Billiard, Mr. Austin Blyler	male	0	2	A/5. 851	14,5	S	Titanic
151	152	0	3.0	Olsen, Mr. Ole Martin	male	0	0	Fa 265302	7,3125	S	Titanic
152	153	0	1.0	Williams, Mr. Charles Duane	male	0	1	PC 17597	61,3792	C	Titanic
153	154	1	3.0	"Gilnagh, Miss. Katherine ""Katie"""	female	0	0	35851	7,7333	Q	Titanic
154	155	0	3.0	Corn, Mr. Harry	male	0	0	SOTON/OQ 392090	8,05	S	Titanic
155	156	0	3.0	Smiljanic, Mr. Mile	male	0	0	315037	8,6625	S	Titanic
156	157	0	3.0	Sage, Master. Thomas Henry	male	8	2	CA. 2343	69,55	S	Titanic
157	158	0	3.0	Cribb, Mr. John Hatfield	male	0	1	371362	16,1	S	Titanic
158	159	1	2.0	"Watt, Mrs. James (Elizabeth ""Bessie"" Inglis Milne)"	female	0	0	C.A. 33595	15,75	S	Titanic
159	160	0	3.0	Bengtsson, Mr. John Viktor	male	0	0	347068	7,775	S	Titanic
160	161	0	3.0	Calic, Mr. Jovo	male	0	0	315093	8,6625	S	Titanic
161	162	0	3.0	Panula, Master. Eino Viljami	male	4	1	3101295	39,6875	S	Titanic
162	163	1	3.0	"Goldsmith, Master. Frank John William ""Frankie"""	male	0	2	363291	20,525	S	Titanic
163	164	1	1.0	Chibnall, Mrs. (Edith Martha Bowerman)	female	0	1	113505	55	S	Titanic
164	165	0	3.0	Skoog, Mrs. William (Anna Bernhardina Karlsson)	female	1	4	347088	27,9	S	Titanic
165	166	0	1.0	Baumann, Mr. John D	male	0	0	PC 17318	25,925	S	Titanic
166	167	0	3.0	Ling, Mr. Lee	male	0	0	1601	56,4958	S	Titanic
167	168	0	1.0	Van der hoef, Mr. Wyckoff	male	0	0	111240	33,5	S	Titanic
168	169	0	3.0	Rice, Master. Arthur	male	4	1	382652	29,125	Q	Titanic
169	170	1	3.0	Johnson, Miss. Eleanor Ileen	female	1	1	347742	11,1333	S	Titanic
170	171	0	3.0	Sivola, Mr. Antti Wilhelm	male	0	0	STON/O 2. 3101280	7,925	S	Titanic
171	172	0	1.0	Smith, Mr. James Clinch	male	0	0	17764	30,6958	C	Titanic
172	173	0	3.0	Klasen, Mr. Klas Albin	male	1	1	350404	7,8542	S	Titanic
173	174	0	3.0	Lefebre, Master. Henry Forbes	male	3	1	4133	25,4667	S	Titanic
174	175	0	1.0	Isham, Miss. Ann Elizabeth	female	0	0	PC 17595	28,7125	C	Titanic
175	176	0	2.0	Hale, Mr. Reginald	male	0	0	250653	13	S	Titanic
176	177	0	3.0	Leonard, Mr. Lionel	male	0	0	LINE	0	S	Titanic
177	178	0	3.0	Sage, Miss. Constance Gladys	female	8	2	CA. 2343	69,55	S	Titanic
178	179	0	2.0	Pernot, Mr. Rene	male	0	0	SC/PARIS 2131	15,05	C	Titanic
179	180	0	3.0	Asplund, Master. Clarence Gustaf Hugo	male	4	2	347077	31,3875	S	Titanic
180	181	1	2.0	Becker, Master. Richard F	male	2	1	230136	39	S	Titanic
181	182	1	3.0	Kink-Heilmann, Miss. Luise Gretchen	female	0	2	315153	22,025	S	Titanic
182	183	0	1.0	Rood, Mr. Hugh Roscoe	male	0	0	113767	50	S	Titanic
183	184	1	3.0	"O'Brien, Mrs. Thomas (Johanna ""Hannah"" Godfrey)"	female	1	0	370365	15,5	Q	Titanic
184	185	1	1.0	"Romaine, Mr. Charles Hallace (""Mr C Rolmane"")"	male	0	0	111428	26,55	S	Titanic
185	186	0	3.0	Bourke, Mr. John	male	1	1	364849	15,5	Q	Titanic
186	187	0	3.0	Turcin, Mr. Stjepan	male	0	0	349247	7,8958	S	Titanic
187	188	1	2.0	Pinsky, Mrs. (Rosa)	female	0	0	234604	13	S	Titanic
188	189	0	2.0	Carbines, Mr. William	male	0	0	28424	13	S	Titanic
189	190	1	3.0	Andersen-Jensen, Miss. Carla Christine Nielsine	female	1	0	350046	7,8542	S	Titanic
190	191	1	2.0	Navratil, Master. Michel M	male	1	1	230080	26	S	Titanic
191	192	1	1.0	Brown, Mrs. James Joseph (Margaret Tobin)	female	0	0	PC 17610	27,7208	C	Titanic
192	193	1	1.0	Lurette, Miss. Elise	female	0	0	PC 17569	146,5208	C	Titanic
193	194	0	3.0	Mernagh, Mr. Robert	male	0	0	368703	7,75	Q	Titanic
194	195	0	3.0	Olsen, Mr. Karl Siegwart Andreas	male	0	1	4579	8,4042	S	Titanic
195	196	1	3.0	"Madigan, Miss. Margaret ""Maggie"""	female	0	0	370370	7,75	Q	Titanic
196	197	0	2.0	"Yrois, Miss. Henriette (""Mrs Harbeck"")"	female	0	0	248747	13	S	Titanic
197	198	0	3.0	Vande Walle, Mr. Nestor Cyriel	male	0	0	345770	9,5	S	Titanic
198	199	0	3.0	Sage, Mr. Frederick	male	8	2	CA. 2343	69,55	S	Titanic
199	200	0	3.0	Johanson, Mr. Jakob Alfred	male	0	0	3101264	6,4958	S	Titanic
200	201	0	3.0	Youseff, Mr. Gerious	male	0	0	2628	7,225	C	Titanic
201	202	1	3.0	"Cohen, Mr. Gurshon ""Gus"""	male	0	0	A/5 3540	8,05	S	Titanic
202	203	0	3.0	Strom, Miss. Telma Matilda	female	0	1	347054	10,4625	S	Titanic
203	204	0	3.0	Backstrom, Mr. Karl Alfred	male	1	0	3101278	15,85	S	Titanic
204	205	1	3.0	Albimona, Mr. Nassef Cassem	male	0	0	2699	18,7875	C	Titanic
205	206	1	3.0	"Carr, Miss. Helen ""Ellen"""	female	0	0	367231	7,75	Q	Titanic
206	207	1	1.0	Blank, Mr. Henry	male	0	0	112277	31	C	Titanic
207	208	0	3.0	Ali, Mr. Ahmed	male	0	0	SOTON/O.Q. 3101311	7,05	S	Titanic
208	209	1	2.0	Cameron, Miss. Clear Annie	female	0	0	F.C.C. 13528	21	S	Titanic
209	210	0	3.0	Perkin, Mr. John Henry	male	0	0	A/5 21174	7,25	S	Titanic
210	211	0	2.0	Givard, Mr. Hans Kristensen	male	0	0	250646	13	S	Titanic
211	212	0	3.0	Kiernan, Mr. Philip	male	1	0	367229	7,75	Q	Titanic
212	213	1	1.0	Newell, Miss. Madeleine	female	1	0	35273	113,275	C	Titanic
213	214	1	3.0	Honkanen, Miss. Eliina	female	0	0	STON/O2. 3101283	7,925	S	Titanic
214	215	0	2.0	Jacobsohn, Mr. Sidney Samuel	male	1	0	243847	27	S	Titanic
215	216	1	1.0	Bazzani, Miss. Albina	female	0	0	11813	76,2917	C	Titanic
216	217	0	2.0	Harris, Mr. Walter	male	0	0	W/C 14208	10,5	S	Titanic
217	218	1	3.0	Sunderland, Mr. Victor Francis	male	0	0	SOTON/OQ 392089	8,05	S	Titanic
218	219	0	2.0	Bracken, Mr. James H	male	0	0	220367	13	So	Titanic
219	220	0	3.0	Green, Mr. George Henry	male	0	0	21440	8,05	S	Titanic
220	221	0	3.0	Nenkoff, Mr. Christo	male	0	0	349234	7,8958	S	Titanic
221	222	1	1.0	Hoyt, Mr. Frederick Maxfield	male	1	0	19943	90	S	Titanic
222	223	0	3.0	Berglund, Mr. Karl Ivar Sven	male	0	0	PP 4348	9,35	S	Titanic
223	224	1	2.0	Mellors, Mr. William John	male	0	0	SW/PP 751	10,5	S	Titanic
224	225	0	3.0	"Lovell, Mr. John Hall (""Henry"")"	male	0	0	A/5 21173	7,25	S	Titanic
225	226	0	2.0	Fahlstrom, Mr. Arne Jonas	male	0	0	236171	13	S	Titanic
226	227	0	3.0	Lefebre, Miss. Mathilde	female	3	1	4133	25,4667	S	Titanic
227	228	1	1.0	Harris, Mrs. Henry Birkhardt (Irene Wallach)	female	1	0	36973	83,475	S	Titanic
228	229	0	3.0	Larsson, Mr. Bengt Edvin	male	0	0	347067	7,775	S	Titanic
229	230	0	2.0	Sjostedt, Mr. Ernst Adolf	male	0	0	237442	13,5	S	Titanic
230	231	1	3.0	Asplund, Miss. Lillian Gertrud	female	4	2	347077	31,3875	S	Titanic
231	232	0	2.0	Leyson, Mr. Robert William Norman	male	0	0	C.A. 29566	10,5	S	Titanic
232	233	0	3.0	Harknett, Miss. Alice Phoebe	female	0	0	W./C. 6609	7,55	S	Titanic
233	234	0	2.0	Hold, Mr. Stephen	male	1	0	26707	26	S	Titanic
234	235	1	2.0	"Collyer, Miss. Marjorie ""Lottie"""	female	0	2	C.A. 31921	26,25	S	Titanic
235	236	0	2.0	Pengelly, Mr. Frederick William	male	0	0	28665	10,5	S	Titanic
236	237	0	2.0	Hunt, Mr. George Henry	male	0	0	SCO/W 1585	12,275	S	Titanic
237	238	0	3.0	Zabour, Miss. Thamine	female	1	0	2665	14,4542	C	Titanic
238	239	1	3.0	"Murphy, Miss. Katherine ""Kate"""	female	1	0	367230	15,5	Q	Titanic
239	240	0	2.0	Coleridge, Mr. Reginald Charles	male	0	0	W./C. 14263	10,5	S	Titanic
240	241	0	3.0	Maenpaa, Mr. Matti Alexanteri	male	0	0	STON/O 2. 3101275	7,125	S	Titanic
241	242	0	3.0	Attalah, Mr. Sleiman	male	0	0	2694	7,225	C	Titanic
242	243	0	1.0	Minahan, Dr. William Edward	male	2	0	19928	-90	Q	Titanic
243	244	0	3.0	Lindahl, Miss. Agda Thorilda Viktoria	female	0	0	347071	7,775	S	Titanic
244	245	1	2.0	Hamalainen, Mrs. William (Anna)	female	0	2	250649	14,5	S	Titanic
245	246	1	1.0	Beckwith, Mr. Richard Leonard	male	1	1	11751	52,5542	S	Titanic
246	247	0	2.0	Carter, Rev. Ernest Courtenay	male	1	0	244252	26	S	Titanic
247	248	0	3.0	Reed, Mr. James George	male	0	0	362316	7,25	S	Titanic
248	249	0	3.0	Strom, Mrs. Wilhelm (Elna Matilda Persson)	female	1	1	347054	10,4625	S	Titanic
249	250	0	1.0	Stead, Mr. William Thomas	male	0	0	113514	26,55	S	Titanic
250	251	0	3.0	Lobb, Mr. William Arthur	male	1	0	A/5. 3336	16,1	S	Titanic
251	252	0	3.0	Rosblom, Mrs. Viktor (Helena Wilhelmina)	female	0	2	370129	20,2125	S	Titanic
252	253	1	3.0	Touma, Mrs. Darwis (Hanne Youssef Razi)	female	0	2	2650	15,2458	C	Titanic
253	254	1	1.0	Thorne, Mrs. Gertrude Maybelle	female	0	0	PC 17585	79,2	C	Titanic
254	255	1	1.0	Cherry, Miss. Gladys	female	0	0	110152	86,5	S	Titanic
255	256	1	1.0	Ward, Miss. Anna	female	0	0	PC 17755	512,3292	C	Titanic
256	257	1	2.0	Parrish, Mrs. (Lutie Davis)	female	0	1	230433	26	S	Titanic
257	258	0	3.0	Smith, Mr. Thomas	male	0	0	384461	7,75	Q	Titanic
258	259	1	3.0	Asplund, Master. Edvin Rojj Felix	male	4	2	347077	31,3875	S	Titanic
259	260	0	1.0	Taussig, Mr. Emil	male	1	1	110413	79,65	S	Titanic
260	261	0	1.0	Harrison, Mr. William	male	0	0	112059	0	S	Titanic
261	262	0	3.0	Henry, Miss. Delia	female	0	0	382649	7,75	Q	Titanic
262	263	0	2.0	Reeves, Mr. David	male	0	0	C.A. 17248	10,5	S	Titanic
263	264	0	3.0	Panula, Mr. Ernesti Arvid	male	4	1	3101295	39,6875	S	Titanic
264	265	1	3.0	Persson, Mr. Ernst Ulrik	male	1	0	347083	7,775	S	Titanic
265	266	1	1.0	Graham, Mrs. William Thompson (Edith Junkins)	female	0	1	PC 17582	153,4625	S	Titanic
266	267	1	1.0	Bissette, Miss. Amelia	female	0	0	PC 17760	135,6333	S	Titanic
267	268	0	1.0	Cairns, Mr. Alexander	male	0	0	113798	31	S	Titanic
268	269	1	3.0	Tornquist, Mr. William Henry	male	0	0	LINE	0	S	Titanic
269	270	1	2.0	Mellinger, Mrs. (Elizabeth Anne Maidment)	female	0	1	250644	19,5	S	Titanic
270	271	0	1.0	Natsch, Mr. Charles H	male	0	1	PC 17596	29,7	C	Titanic
271	272	1	3.0	"Healy, Miss. Hanora ""Nora"""	female	0	0	370375	7,75	Q	Titanic
272	273	1	1.0	Andrews, Miss. Kornelia Theodosia	female	1	0	13502	77,9583	S	Titanic
273	274	0	3.0	Lindblom, Miss. Augusta Charlotta	female	0	0	347073	7,75	S	Titanic
274	275	0	2.0	"Parkes, Mr. Francis ""Frank"""	male	0	0	239853	0	S	Titanic
275	276	0	3.0	Rice, Master. Eric	male	4	1	382652	29,125	Q	Titanic
276	277	1	3.0	Abbott, Mrs. Stanton (Rosa Hunt)	female	1	1	C.A. 2673	20,25	S	Titanic
277	278	0	3.0	Duane, Mr. Frank	male	0	0	336439	7,75	Q	Titanic
278	279	0	3.0	Olsson, Mr. Nils Johan Goransson	male	0	0	347464	7,8542	S	Titanic
279	280	0	3.0	de Pelsmaeker, Mr. Alfons	male	0	0	345778	9,5	S	Titanic
280	281	1	3.0	Dorking, Mr. Edward Arthur	male	0	0	A/5. 10482	8,05	S	Titanic
281	282	0	1.0	Smith, Mr. Richard William	male	0	0	113056	26	S	Titanic
282	283	0	3.0	Stankovic, Mr. Ivan	male	0	0	349239	8,6625	C	Titanic
283	284	1	3.0	de Mulder, Mr. Theodore	male	0	0	345774	9,5	S	Titanic
284	285	0	3.0	Naidenoff, Mr. Penko	male	0	0	349206	7,8958	S	Titanic
285	286	1	2.0	Hosono, Mr. Masabumi	male	0	0	237798	13	S	Titanic
286	287	1	3.0	Connolly, Miss. Kate	female	0	0	370373	7,75	Q	Titanic
287	288	1	1.0	"Barber, Miss. Ellen ""Nellie"""	female	0	0	19877	78,85	S	Titanic
288	289	1	1.0	Bishop, Mrs. Dickinson H (Helen Walton)	female	1	0	11967	91,0792	C	Titanic
289	290	0	2.0	Levy, Mr. Rene Jacques	male	0	0	SC/Paris 2163	12,875	C	Titanic
290	291	0	3.0	Haas, Miss. Aloisia	female	0	0	349236	8,85	S	Titanic
291	292	0	3.0	Mineff, Mr. Ivan	male	0	0	349233	7,8958	S	Titanic
292	293	0	1.0	Lewy, Mr. Ervin G	male	0	0	PC 17612	27,7208	C	Titanic
293	294	0	3.0	Hanna, Mr. Mansour	male	0	0	2693	7,2292	C	Titanic
294	295	0	1.0	Allison, Miss. Helen Loraine	female	1	2	113781	151,55	S	Titanic
295	296	1	1.0	Saalfeld, Mr. Adolphe	male	0	0	19988	30,5	S	Titanic
296	297	1	1.0	Baxter, Mrs. James (Helene DeLaudeniere Chaput)	female	0	1	PC 17558	247,5208	C	Titanic
297	298	1	3.0	"Kelly, Miss. Anna Katherine ""Annie Kate"""	female	0	0	9234	7,75	Q	Titanic
298	299	1	3.0	McCoy, Mr. Bernard	male	2	0	367226	23,25	Q	Titanic
299	300	0	3.0	Johnson, Mr. William Cahoone Jr	male	0	0	LINE	0	S	Titanic
300	301	1	2.0	Keane, Miss. Nora A	female	0	0	226593	12,35	Q	Titanic
301	302	0	3.0	"Williams, Mr. Howard Hugh ""Harry"""	male	0	0	A/5 2466	8,05	S	Titanic
302	303	1	1.0	Allison, Master. Hudson Trevor	male	1	2	113781	151,55	S	Titanic
303	304	1	1.0	Fleming, Miss. Margaret	female	0	0	17421	110,8833	C	Titanic
304	305	1	1.0	Penasco y Castellana, Mrs. Victor de Satode (Maria Josefa Perez de Soto y Vallejo)	female	1	0	PC 17758	108,9	C	Titanic
305	306	0	2.0	Abelson, Mr. Samuel	male	1	0	P/PP 3381	24	C	Titanic
306	307	1	1.0	Francatelli, Miss. Laura Mabel	female	0	0	PC 17485	56,9292	C	Titanic
307	308	1	1.0	Hays, Miss. Margaret Bechstein	female	0	0	11767	83,1583	C	Titanic
308	309	1	1.0	Ryerson, Miss. Emily Borie	female	2	2	PC 17608	262,375	C	Titanic
309	310	0	2.0	Lahtinen, Mrs. William (Anna Sylfven)	female	1	1	250651	26	S	Titanic
310	311	0	3.0	Hendekovic, Mr. Ignjac	male	0	0	349243	7,8958	S	Titanic
311	312	0	2.0	Hart, Mr. Benjamin	male	1	1	F.C.C. 13529	26,25	S	Titanic
312	313	1	3.0	Nilsson, Miss. Helmina Josefina	female	0	0	347470	7,8542	S	Titanic
313	314	1	2.0	Kantor, Mrs. Sinai (Miriam Sternin)	female	1	0	244367	26	S	Titanic
314	315	0	2.0	Moraweck, Dr. Ernest	male	0	0	29011	14	S	Titanic
315	316	1	1.0	Wick, Miss. Mary Natalie	female	0	2	36928	164,8667	S	Titanic
316	317	1	1.0	Spedden, Mrs. Frederic Oakley (Margaretta Corning Stone)	female	1	1	16966	134,5	C	Titanic
317	318	0	3.0	Dennis, Mr. Samuel	male	0	0	A/5 21172	7,25	S	Titanic
318	319	0	3.0	Danoff, Mr. Yoto	male	0	0	349219	7,8958	S	Titanic
319	320	1	2.0	Slayter, Miss. Hilda Mary	female	0	0	234818	12,35	Q	Titanic
320	321	1	2.0	Caldwell, Mrs. Albert Francis (Sylvia Mae Harbaugh)	female	1	1	248738	29	S	Titanic
321	322	0	3.0	Sage, Mr. George John Jr	male	8	2	CA. 2343	69,55	S	Titanic
322	323	1	1.0	Young, Miss. Marie Grice	female	0	0	PC 17760	135,6333	C	Titanic
323	324	0	3.0	Nysveen, Mr. Johan Hansen	male	0	0	345364	6,2375	S	Titanic
324	325	1	2.0	Ball, Mrs. (Ada E Hall)	female	0	0	28551	13	S	Titanic
325	326	1	3.0	Goldsmith, Mrs. Frank John (Emily Alice Brown)	female	1	1	363291	20,525	S	Titnic
326	327	1	1.0	Hippach, Miss. Jean Gertrude	female	0	1	111361	57,9792	C	Titanic
327	328	1	3.0	McCoy, Miss. Agnes	female	2	0	367226	23,25	Q	Titanic
328	329	0	1.0	Partner, Mr. Austen	male	0	0	113043	28,5	S	Titanic
329	330	0	1.0	Graham, Mr. George Edward	male	0	1	PC 17582	153,4625	S	Titanic
330	331	0	3.0	Vander Planke, Mr. Leo Edmondus	male	2	0	345764	18	S	Titanic
331	332	1	1.0	Frauenthal, Mrs. Henry William (Clara Heinsheimer)	female	1	0	PC 17611	133,65	S	Titanic
332	333	0	3.0	Denkoff, Mr. Mitto	male	0	0	349225	7,8958	S	Titanic
333	334	0	1.0	Pears, Mr. Thomas Clinton	male	1	0	113776	66,6	S	Titanic
334	335	1	1.0	Burns, Miss. Elizabeth Margaret	female	0	0	16966	134,5	C	Titanic
335	336	1	3.0	Dahl, Mr. Karl Edwart	male	0	0	7598	8,05	S	Titanic
336	337	0	1.0	Blackwell, Mr. Stephen Weart	male	0	0	113784	35,5	S	Titanic
337	338	1	2.0	Navratil, Master. Edmond Roger	male	1	1	230080	26	S	Titanic
338	339	1	1.0	Fortune, Miss. Alice Elizabeth	female	3	2	19950	263	S	Titanic
339	340	0	2.0	Collander, Mr. Erik Gustaf	male	0	0	248740	13	S	Titanic
340	341	0	2.0	Sedgwick, Mr. Charles Frederick Waddington	male	0	0	244361	13	S	Titanic
341	342	0	2.0	Fox, Mr. Stanley Hubert	male	0	0	229236	13	S	Titanic
342	343	1	2.0	"Brown, Miss. Amelia ""Mildred"""	female	0	0	248733	13	S	Titanic
343	344	1	2.0	Smith, Miss. Marion Elsie	female	0	0	31418	13	S	Titanic
344	345	1	3.0	Davison, Mrs. Thomas Henry (Mary E Finck)	female	1	0	386525	16,1	S	Titanic
345	346	1	3.0	"Coutts, Master. William Loch ""William"""	male	1	1	C.A. 37671	15,9	S	Titanic
346	347	0	3.0	Dimic, Mr. Jovan	male	0	0	315088	8,6625	S	Titanic
347	348	0	3.0	Odahl, Mr. Nils Martin	male	0	0	7267	9,225	S	Titanic
348	349	0	1.0	Williams-Lambert, Mr. Fletcher Fellows	male	0	0	113510	35	S	Titanic
349	350	0	3.0	Elias, Mr. Tannous	male	1	1	2695	7,2292	C	Titanic
350	351	0	3.0	Arnold-Franchi, Mr. Josef	male	1	0	349237	17,8	S	Titanic
351	352	0	3.0	Yousif, Mr. Wazli	male	0	0	2647	7,225	C	Titanic
352	353	0	3.0	Vanden Steen, Mr. Leo Peter	male	0	0	345783	9,5	S	Titanic
353	354	1	1.0	Bowerman, Miss. Elsie Edith	female	0	1	113505	55	S	Titanic
354	355	0	2.0	Funk, Miss. Annie Clemmer	female	0	0	237671	13	S	Titanic
355	356	1	3.0	McGovern, Miss. Mary	female	0	0	330931	7,8792	Q	Titanic
356	357	1	3.0	"Mockler, Miss. Helen Mary ""Ellie"""	female	0	0	330980	7,8792	Q	Titanic
357	358	0	3.0	Skoog, Mr. Wilhelm	male	1	4	347088	27,9	S	Titanic
358	359	0	2.0	del Carlo, Mr. Sebastiano	male	1	0	SC/PARIS 2167	27,7208	C	Titanic
359	360	0	3.0	Barbara, Mrs. (Catherine David)	female	0	1	2691	14,4542	C	Titanic
360	361	0	3.0	Asim, Mr. Adola	male	0	0	SOTON/O.Q. 3101310	07.maj	S	Titanic
361	362	0	3.0	O'Brien, Mr. Thomas	male	1	0	370365	15,5	Q	Titanic
362	363	0	3.0	Adahl, Mr. Mauritz Nils Martin	male	0	0	C 7076	7,25	S	Titanic
363	364	1	1.0	Warren, Mrs. Frank Manley (Anna Sophia Atkinson)	female	1	0	110813	75,25	C	Titanic
364	365	1	3.0	Moussa, Mrs. (Mantoura Boulos)	female	0	0	2626	7,2292	C	Titanic
365	366	1	3.0	Jermyn, Miss. Annie	female	0	0	14313	7,75	Q	Titanic
366	367	1	1.0	Aubart, Mme. Leontine Pauline	female	0	0	PC 17477	69,3	C	Titanic
367	368	1	1.0	Harder, Mr. George Achilles	male	1	0	11765	55,4417	C	Titanic
368	369	0	3.0	Wiklund, Mr. Jakob Alfred	male	1	0	3101267	6,4958	S	Titanic
369	370	0	3.0	Beavan, Mr. William Thomas	male	0	0	323951	8,05	S	Titanic
370	371	0	1.0	Ringhini, Mr. Sante	male	0	0	PC 17760	135,6333	C	Titanic
371	372	0	3.0	Palsson, Miss. Stina Viola	female	3	1	349909	21,075	S	Titanic
372	373	1	1.0	Meyer, Mrs. Edgar Joseph (Leila Saks)	female	1	0	PC 17604	82,1708	C	Titanic
373	374	1	3.0	Landergren, Miss. Aurora Adelia	female	0	no	C 7077	7,25	S	Titanic
374	375	0	1.0	Widener, Mr. Harry Elkins	male	0	2	113503	211,5	C	Titanic
375	376	0	3.0	Betros, Mr. Tannous	male	0	0	2648	4,0125	C	Titanic
376	377	0	3.0	Gustafsson, Mr. Karl Gideon	male	0	0	347069	7,775	S	Titanic
377	378	1	1.0	Bidois, Miss. Rosalie	female	0	0	PC 17757	227,525	C	Titanic
378	379	1	3.0	"Nakid, Miss. Maria (""Mary"")"	female	0	2	2653	15.7417	C	Titanic
379	380	0	3.0	Tikkanen, Mr. Juho	male	0	0	STON/O 2. 3101293	7,925	S	Titanic
380	381	1	1.0	Holverson, Mrs. Alexander Oskar (Mary Aline Towner)	female	1	0	113789	52	S	Titanic
381	382	0	3.0	Plotcharsky, Mr. Vasil	male	0	0	349227	7,8958	S	Titanic
382	383	0	2.0	Davies, Mr. Charles Henry	male	0	0	S.O.C. 14879	73,5	S	Titanic
383	384	0	3.0	Goodwin, Master. Sidney Leonard	male	5	2	CA 2144	46,9	S	Titanic
384	385	1	2.0	Buss, Miss. Kate	female	0	0	27849	13	S	Titanic
385	386	0	3.0	Sadlier, Mr. Matthew	male	0	0	367655	7,7292	Q	Titanic
386	387	1	2.0	Lehmann, Miss. Bertha	female	0	0	SC 1748	12	C	Titanic
387	388	1	1.0	Carter, Mr. William Ernest	male	1	2	113760	120	S	Titanic
388	389	1	3.0	Jansson, Mr. Carl Olof	male	0	0	350034	7,7958	S	Titanic
389	390	0	3.0	Gustafsson, Mr. Johan Birger	male	2	0	3101277	7,925	S	Titanic
390	391	1	1.0	Newell, Miss. Marjorie	female	1	0	35273	113,275	C	Titanic
391	392	1	3.0	Sandstrom, Mrs. Hjalmar (Agnes Charlotta Bengtsson)	female	0	2	PP 9549	16,7	S	Titanic
392	393	0	3.0	Johansson, Mr. Erik	male	0	0	350052	7,7958	S	Titanic
393	394	0	3.0	Olsson, Miss. Elina	female	0	0	350407	7,8542	S	Titanic
394	395	0	2.0	McKane, Mr. Peter David	male	0	0	28403	26	S	Titanic
395	396	0	2.0	Pain, Dr. Alfred	male	0	0	244278	10,5	S	Titanic
396	397	1	2.0	Trout, Mrs. William H (Jessie L)	female	0	0	240929	12,65	S	Titanic
397	398	1	3.0	Niskanen, Mr. Juha	male	0	0	STON/O 2. 3101289	7,925	S	Titanic
398	399	0	3.0	Adams, Mr. John	male	0	0	341826	8,05	S	Titanic
399	400	0	3.0	Jussila, Miss. Mari Aina	female	1	0	4137	9,825	S	Titanic
400	401	0	3.0	Hakkarainen, Mr. Pekka Pietari	male	1	0	STON/O2. 3101279	15,85	S	Titanic
401	402	0	3.0	Oreskovic, Miss. Marija	female	0	0	315096	8,6625	S	Titanic
402	403	0	2.0	Gale, Mr. Shadrach	male	1	0	28664	21	S	Titanic
403	404	0	3.0	Widegren, Mr. Carl/Charles Peter	male	0	0	347064	7,75	S	Titanic
404	405	1	2.0	Richards, Master. William Rowe	male	1	1	29106	18,75	S	Titanic
405	406	0	3.0	Birkeland, Mr. Hans Martin Monsen	male	0	0	312992	7,775	S	Titanic
406	407	0	3.0	Lefebre, Miss. Ida	female	3	1	4133	25,4667	S	Titanic
407	408	0	3.0	Sdycoff, Mr. Todor	male	0	0	349222	7,8958	S	Titanic
408	409	0	3.0	Hart, Mr. Henry	male	0	0	394140	6,8583	Q	Titanic
409	410	1	1.0	Minahan, Miss. Daisy E	female	1	0	19928	90	Q	Titanic
410	411	0	2.0	Cunningham, Mr. Alfred Fleming	male	0	0	239853	0	S	Titanic
411	412	1	3.0	Sundman, Mr. Johan Julian	male	0	0	STON/O 2. 3101269	7,925	S	Titanic
412	413	0	3.0	Meek, Mrs. Thomas (Annie Louise Rowley)	female	0	0	343095	8,05	S	Titanic
413	414	1	2.0	Drew, Mrs. James Vivian (Lulu Thorne Christian)	female	1	1	28220	32,5	S	Titanic
414	415	1	2.0	Silven, Miss. Lyyli Karoliina	female	0	2	250652	13	S	Titanic
415	416	0	2.0	Matthews, Mr. William John	male	0	0	28228	13	S	Titanic
416	417	0	3.0	Van Impe, Miss. Catharina	female	0	2	345773	24,15	S	Titanic
417	418	0	3.0	Gheorgheff, Mr. Stanio	male	0	0	349254	7,8958	C	Titanic
418	419	0	3.0	Charters, Mr. David	male	0	0	A/5. 13032	7,7333	Q	Titanic
419	420	0	3.0	Zimmerman, Mr. Leo	male	0	0	315082	7,875	S	Titanic
420	421	0	3.0	Danbom, Mrs. Ernst Gilbert (Anna Sigrid Maria Brogren)	female	1	1	347080	14,4	S	Titanic
421	422	0	3.0	Rosblom, Mr. Viktor Richard	male	1	1	370129	20,2125	S	Titanic
422	423	0	3.0	Wiseman, Mr. Phillippe	male	0	0	A/4. 34244	7,25	S	Titanic
423	424	1	2.0	Clarke, Mrs. Charles V (Ada Maria Winfield)	female	1	0	2003	26	S	Titanic
424	425	1	2.0	"Phillips, Miss. Kate Florence (""Mrs Kate Louise Phillips Marshall"")"	female	0	0	250655	26	S	Titanic
425	426	0	3.0	Flynn, Mr. James	male	0	0	364851	7,75	Q	Titanic
426	427	1	3.0	Pickard, Mr. Berk (Berk Trembisky)	male	0	0	SOTON/O.Q. 392078	8,05	S	Titanic
427	428	1	1.0	Bjornstrom-Steffansson, Mr. Mauritz Hakan	male	0	0	110564	26,55	S	Titanic
428	429	1	3.0	Thorneycroft, Mrs. Percival (Florence Kate White)	female	1	0	376564	16,1	S	Titanic
429	430	1	2.0	Louch, Mrs. Charles Alexander (Alice Adelaide Slow)	female	1	0	SC/AH 3085	26	S	Titanic
430	431	0	3.0	Kallio, Mr. Nikolai Erland	male	0	0	STON/O 2. 3101274	7,125	S	Titanic
431	432	0	1.0	Silvey, Mr. William Baird	male	1	0	13507	55,9	S	Titanic
432	433	1	1.0	Carter, Miss. Lucile Polk	female	1	2	113760	120	S	Titanic
433	434	0	3.0	"Ford, Miss. Doolina Margaret ""Daisy"""	female	2	2	W./C. 6608	34,375	S	Titanic
434	435	1	2.0	Richards, Mrs. Sidney (Emily Hocking)	female	2	3	29106	18,75	S	Titanic
435	436	0	1.0	Fortune, Mr. Mark	male	1	4	19950	263	S	Titanic
436	437	0	2.0	Kvillner, Mr. Johan Henrik Johannesson	male	0	0	C.A. 18723	10,5	S	Titanic
437	438	1	2.0	Hart, Mrs. Benjamin (Esther Ada Bloomfield)	female	1	1	F.C.C. 13529	26,25	S	Titanic
438	439	0	3.0	Hampe, Mr. Leon	male	0	0	345769	9,5	S	Titanic
439	440	0	3.0	Petterson, Mr. Johan Emil	male	1	0	347076	7,775	S	Titanic
440	441	1	2.0	Reynaldo, Ms. Encarnacion	female	0	0	230434	13	S	Titanic
441	442	1	3.0	Johannesen-Bratthammer, Mr. Bernt	male	0	0	65306	8,1125	S	Titanic
442	443	1	1.0	Dodge, Master. Washington	male	0	2	33638	81,8583	S	Titanic
443	444	1	2.0	Mellinger, Miss. Madeleine Violet	female	0	1	250644	19,5	S	Titanic
444	445	1	1.0	Seward, Mr. Frederic Kimber	male	0	0	113794	26,55	S	Titanic
445	446	1	3.0	Baclini, Miss. Marie Catherine	female	2	1	2666	19,2583	C	Titanic
446	447	1	1.0	Peuchen, Major. Arthur Godfrey	male	0	0	113786	30,5	S	Titanic
447	448	0	2.0	West, Mr. Edwy Arthur	male	1	2	C.A. 34651	27,75	S	Titanic
448	449	0	3.0	Hagland, Mr. Ingvald Olai Olsen	male	1	0	65303	19,9667	S	Titanic
449	450	0	1.0	Foreman, Mr. Benjamin Laventall	male	0	0	113051	27,75	C	Titanic
450	451	1	1.0	Goldenberg, Mr. Samuel L	male	1	0	17453	89,1042	C	Titanic
451	452	0	3.0	Peduzzi, Mr. Joseph	male	0	0	A/5 2817	8,05	S	Titanic
452	453	1	3.0	Jalsevac, Mr. Ivan	male	0	0	349240	7,8958	C	Titanic
453	454	0	1.0	Millet, Mr. Francis Davis	male	0	0	13509	26,55	S	Titanic
454	455	1	1.0	Kenyon, Mrs. Frederick R (Marion)	female	1	0	17464	51,8625	S	Titanic
455	456	1	2.0	Toomey, Miss. Ellen	female	0	0	F.C.C. 13531	10,5	S	Titanic
456	457	0	3.0	O'Connor, Mr. Maurice	male	0	0	371060	7,75	Q	Titanic
457	458	1	1.0	Anderson, Mr. Harry	male	0	0	19952	26,55	S	Titanic
458	459	0	3.0	Morley, Mr. William	male	0	0	364506	8,05	S	Titanic
459	460	0	1.0	Gee, Mr. Arthur H	male	70	0	111320	38,5	S	Titanic
460	461	0	2.0	Milling, Mr. Jacob Christian	male	0	0	234360	13	S	Titanic
461	462	0	3.0	Maisner, Mr. Simon	male	0	0	A/S 2816	8,05	S	Titanic
462	463	0	3.0	Goncalves, Mr. Manuel Estanslas	male	0	0	SOTON/O.Q. 3101306	7,05	S	Titanic
463	464	0	2.0	Campbell, Mr. William	male	0	0	239853	0	S	Titanic
464	465	0	1.0	Smart, Mr. John Montgomery	male	0	0	113792	26,55	S	Titanic
465	466	0	3.0	Scanlan, Mr. James	male	0	0	36209	7,725	Q	Titanic
466	467	1	3.0	Baclini, Miss. Helene Barbara	female	2	1	2666	19,2583	C	Titanic
467	468	0	3.0	Keefe, Mr. Arthur	male	0	0	323592	7,25	S	Titanic
468	469	0	3.0	Cacic, Mr. Luka	male	0	0	315089	8,6625	S	Titanic
469	470	1	2.0	West, Mrs. Edwy Arthur (Ada Mary Worth)	female	1	2	C.A. 34651	27,75	S	Titanic
470	471	1	2.0	Jerwan, Mrs. Amin S (Marie Marthe Thuillard)	female	0	0	SC/AH Basle 541	13,7917	C	Titanic
471	472	0	3.0	Strandberg, Miss. Ida Sofia	female	0	0	7553	9,8375	S	Titanic
472	473	0	1.0	Clifford, Mr. George Quincy	male	0	0	110465	52	S	Titanic
473	474	0	2.0	Renouf, Mr. Peter Henry	male	1	0	31027	21	S	Titanic
474	475	0	3.0	Braund, Mr. Lewis Richard	male	1	0	3460	7,0458	S	Titanic
475	476	0	3.0	Karlsson, Mr. Nils August	male	0	0	350060	7,5208	S	Titanic
476	477	1	3.0	Hirvonen, Miss. Hildur E	female	0	1	3101298	12,2875	S	Titanic
477	478	0	3.0	Goodwin, Master. Harold Victor	male	5	2	CA 2144	46,9	S	Titanic
478	479	0	2.0	"Frost, Mr. Anthony Wood ""Archie"""	male	0	0	239854	0	S	Titanic
479	480	0	3.0	Rouse, Mr. Richard Henry	male	0	0	A/5 3594	8,05	S	Titanic
480	481	1	3.0	Turkula, Mrs. (Hedwig)	female	0	0	4134	9,5875	S	Titanic
481	482	1	1.0	Bishop, Mr. Dickinson H	male	1	0	11967	91,0792	C	Titanic
482	483	0	3.0	Lefebre, Miss. Jeannie	female	3	1	4133	25,4667	S	Titanic
483	484	1	1.0	Hoyt, Mrs. Frederick Maxfield (Jane Anne Forby)	female	1	0	19943	90	S	Titanic
484	485	0	1.0	Kent, Mr. Edward Austin	male	0	0	11771	29,7	C	Titanic
485	486	0	3.0	Somerton, Mr. Francis William	male	0	0	A.5. 18509	8,05	S	Titanic
486	487	0	3.0	Hagland, Mr. Konrad Mathias Reiersen	male	1	0	65304	19,9667	S	Titanic
487	488	0	3.0	Windelov, Mr. Einar	male	0	0	SOTON/OQ 3101317	7,25	S	Titanic
488	489	0	1.0	Molson, Mr. Harry Markland	male	0	0	113787	30,5	S	Titanic
489	490	0	1.0	Artagaveytia, Mr. Ramon	male	0	0	PC 17609	49,5042	C	Titanic
490	491	0	3.0	Stanley, Mr. Edward Roland	male	0	0	A/4 45380	8,05	S	Titanic
491	492	0	3.0	Yousseff, Mr. Gerious	male	0	0	2627	14,4583	C	Titanic
492	493	1	1.0	Eustis, Miss. Elizabeth Mussey	female	1	0	36947	78,2667	C	Titanic
493	494	0	3.0	Shellard, Mr. Frederick William	male	0	0	C.A. 6212	15,1	S	Titanic
494	495	0	1.0	Allison, Mrs. Hudson J C (Bessie Waldo Daniels)	female	1	2	113781	151,55	S	Titanic
495	496	0	3.0	Svensson, Mr. Olof	male	0	0	350035	7,7958	S	Titanic
496	497	0	3.0	Calic, Mr. Petar	male	0	0	315086	8,6625	S	Titanic
497	498	0	3.0	Canavan, Miss. Mary	female	0	0	364846	7,75	Q	Titanic
498	499	0	3.0	O'Sullivan, Miss. Bridget Mary	female	0	0	330909	7,6292	Q	Titanic
499	500	0	3.0	Laitinen, Miss. Kristina Sofia	female	0	0	4135	9,5875	S	Titanic
500	501	1	1.0	Maioni, Miss. Roberta	female	0	0	110152	86,5	S	Titanic
501	502	0	1.0	Penasco y Castellana, Mr. Victor de Satode	male	1	0	PC 17758	108,9	C	Titanic
502	503	1	2.0	Quick, Mrs. Frederick Charles (Jane Richards)	female	0	2	26360	26	S	Titanic
503	504	1	1.0	"Bradley, Mr. George (""George Arthur Brayton"")"	male	0	0	111427	26,55	S	Titanic
504	505	0	3.0	Olsen, Mr. Henry Margido	male	0	0	C 4001	22,525	S	Titanic
505	506	1	3.0	Lang, Mr. Fang	male	0	0	1601	56,4958	S	Titanic
506	507	1	3.0	Daly, Mr. Eugene Patrick	male	0	0	382651	7,75	Q	Titanic
507	508	0	3.0	Webber, Mr. James	male	0	0	SOTON/OQ 3101316	8,05	S	Titanic
508	509	1	1.0	McGough, Mr. James Robert	male	0	0	PC 17473	26,2875	S	Titanic
509	510	1	1.0	Rothschild, Mrs. Martin (Elizabeth L. Barrett)	female	1	0	PC 17603	59,4	C	Titanic
510	511	0	3.0	Coleff, Mr. Satio	male	0	0	349209	7,4958	S	Titanic
511	512	0	1.0	Walker, Mr. William Anderson	male	0	0	36967	34,0208	S	Titanic
512	513	1	2.0	Lemore, Mrs. (Amelia Milley)	female	0	0	C.A. 34260	10,5	S	Titanic
513	514	0	3.0	Ryan, Mr. Patrick	male	0	0	371110	24,15	Q	Titanic
514	515	1	2.0	"Angle, Mrs. William A (Florence ""Mary"" Agnes Hughes)"	female	1	0	226875	26	S	Titanic
515	516	0	3.0	Pavlovic, Mr. Stefo	male	0	0	349242	7,8958	S	Titanic
516	517	0	3.0	Vovk, Mr. Janko	male	0	0	349252	7,8958	S	Titanic
517	518	0	3.0	Lahoud, Mr. Sarkis	male	0	0	2624	7,225	C	Titanic
518	519	1	1.0	Hippach, Mrs. Louis Albert (Ida Sophia Fischer)	female	0	1	111361	57,9792	C	Titanic
519	520	0	3.0	Kassem, Mr. Fared	male	0	0	2700	7,2292	C	Titanic
520	521	0	3.0	Farrell, Mr. James	male	0	0	367232	7,75	Q	Titanic
521	522	1	2.0	Ridsdale, Miss. Lucy	female	0	0	W./C. 14258	10,5	S	Titanic
522	523	0	1.0	Farthing, Mr. John	male	0	0	PC 17483	221,7792	S	Titanic
523	524	0	3.0	Salonen, Mr. Johan Werner	male	0	0	3101296	7,925	S	Titanic
524	525	0	2.0	Hocking, Mr. Richard George	male	2	1	29104	11,5	S	Titanic
525	526	1	2.0	Quick, Miss. Phyllis May	female	1	1	26360	26	S	Titanic
526	527	0	3.0	Toufik, Mr. Nakli	male	0	0	2641	7,2292	C	Titanic
527	528	0	3.0	Elias, Mr. Joseph Jr	male	1	1	2690	7,2292	C	Titanic
528	529	1	3.0	Peter, Mrs. Catherine (Catherine Rizk)	female	0	2	2668	22,3583	C	Titanic
529	530	0	3.0	Cacic, Miss. Marija	female	0	0	315084	8,6625	S	Titanic
530	531	1	2.0	Hart, Miss. Eva Miriam	female	0	2	F.C.C. 13529	26,25	S	Titanic
531	532	0	1.0	Butt, Major. Archibald Willingham	male	0	0	113050	26,55	S	Titanic
532	533	1	1.0	LeRoy, Miss. Bertha	female	0	0	PC 17761	106,425	C	Titanic
533	534	0	3.0	Risien, Mr. Samuel Beard	male	0	0	364498	14,5	S	Titanic
534	535	1	1.0	Frolicher, Miss. Hedwig Margaritha	female	0	2	13568	49,5	C	Titanic
535	536	1	1.0	Crosby, Miss. Harriet R	female	0	2	WE/P 5735	71	S	Titanic
536	537	0	3.0	Andersson, Miss. Ingeborg Constanzia	female	4	2	347082	31,275	S	Titanic
537	538	0	3.0	Andersson, Miss. Sigrid Elisabeth	female	4	2	347082	31,275	S	Titanic
538	539	1	2.0	Beane, Mr. Edward	male	1	0	2908	26	S	Titanic
539	540	0	1.0	Douglas, Mr. Walter Donald	male	1	0	PC 17761	106,425	C	Titanic
540	541	0	1.0	Nicholson, Mr. Arthur Ernest	male	0	0	693	26	S	Titanic
541	542	1	2.0	Beane, Mrs. Edward (Ethel Clarke)	female	1	0	2908	26	S	Titanic
542	543	1	2.0	Padro y Manent, Mr. Julian	male	0	0	SC/PARIS 2146	13,8625	C	Titanic
543	544	0	3.0	Goldsmith, Mr. Frank John	male	1	1	363291	20,525	S	Titanic
544	545	1	2.0	Davies, Master. John Morgan Jr	male	1	1	C.A. 33112	36,75	S	Titanic
545	546	1	1.0	Thayer, Mr. John Borland Jr	male	0	2	17421	110,8833	C	Titanic
546	547	0	2.0	Sharp, Mr. Percival James R	male	0	0	244358	26	S	Titanic
547	548	0	3.0	O'Brien, Mr. Timothy	male	0	0	330979	7,8292	Q	Titanic
548	549	1	3.0	"Leeni, Mr. Fahim (""Philip Zenni"")"	male	0	0	2620	7,225	C	Titanic
549	550	1	3.0	Ohman, Miss. Velin	female	0	0	347085	7,775	S	Titanic
550	551	0	1.0	Wright, Mr. George	male	0	0	113807	26,55	S	Titanic
551	552	1	1.0	"Duff Gordon, Lady. (Lucille Christiana Sutherland) (""Mrs Morgan"")"	female	1	0	11755	39,6	C	Titanic
552	553	0	1.0	Robbins, Mr. Victor	male	0	0	PC 17757	227,525	C	Titanic
553	554	1	1.0	Taussig, Mrs. Emil (Tillie Mandelbaum)	female	1	1	110413	79,65	S	Titanic
554	555	1	3.0	de Messemaeker, Mrs. Guillaume Joseph (Emma)	female	1	0	345572	17,4	S	Titanic
555	556	0	3.0	Morrow, Mr. Thomas Rowan	male	0	0	372622	7,75	Q	Titanic
556	557	0	3.0	Sivic, Mr. Husein	male	0	0	349251	7,8958	S	Titanic
557	558	0	2.0	Norman, Mr. Robert Douglas	male	0	0	218629	13,5	S	Titanic
558	559	0	3.0	Simmons, Mr. John	male	0	0	SOTON/OQ 392082	8,05	S	Titanic
559	560	0	3.0	Meanwell, Miss. (Marion Ogden)	female	0	0	SOTON/O.Q. 392087	8,05	S	Titanic
560	561	0	3.0	Davies, Mr. Alfred J	male	2	0	A/4 48871	24,15	S	Titanic
561	562	0	3.0	Stoytcheff, Mr. Ilia	male	0	0	349205	7,8958	S	Titanic
562	563	0	3.0	Palsson, Mrs. Nils (Alma Cornelia Berglund)	female	0	4	349909	21,075	S	Titanic
563	564	0	3.0	Doharr, Mr. Tannous	male	0	0	2686	7,2292	C	Titanic
564	565	1	3.0	Jonsson, Mr. Carl	male	0	0	350417	7,8542	S	Titanic
565	566	1	2.0	Harris, Mr. George	male	0	0	S.W./PP 752	10,5	S	Titanic
566	567	1	1.0	Appleton, Mrs. Edward Dale (Charlotte Lamson)	female	2	0	11769	51,4792	S	Titanic
567	568	1	1.0	"Flynn, Mr. John Irwin (""Irving"")"	male	0	0	PC 17474	26,3875	S	Titanic
568	569	1	3.0	Kelly, Miss. Mary	female	0	0	14312	7,75	Q	Titanic
569	570	0	3.0	Rush, Mr. Alfred George John	male	0	0	A/4. 20589	8,05	S	Titanic
570	571	0	3.0	Patchett, Mr. George	male	0	0	358585	14,5	S	Titanic
571	572	1	2.0	Garside, Miss. Ethel	female	0	0	243880	13	S	Titanic
572	573	1	1.0	Silvey, Mrs. William Baird (Alice Munger)	female	1	0	13507	55,9	S	Titanic
573	574	0	3.0	Caram, Mrs. Joseph (Maria Elias)	female	1	0	2689	14,4583	C	Titanic
574	575	1	3.0	Jussila, Mr. Eiriik	male	0	0	STON/O 2. 3101286	7,925	S	Titanic
575	576	1	2.0	Christy, Miss. Julie Rachel	female	1	1	237789	30	S	Titanic
576	577	1	1.0	Thayer, Mrs. John Borland (Marian Longstreth Morris)	female	1	1	17421	110,8833	C	Titanic
577	578	0	2.0	Downton, Mr. William James	male	0	0	28403	26	S	Titanic
578	579	0	1.0	Ross, Mr. John Hugo	male	0	0	13049	40,125	C	Titanic
579	580	0	3.0	Paulner, Mr. Uscher	male	0	0	3411	8,7125	C	Titanic
580	581	1	1.0	Taussig, Miss. Ruth	female	0	2	110413	79,65	S	Titanic
581	582	0	2.0	Jarvis, Mr. John Denzil	male	0	0	237565	15	S	Titanic
582	583	1	1.0	Frolicher-Stehli, Mr. Maxmillian	male	1	1	13567	79,2	C	Titanic
583	584	0	3.0	Gilinski, Mr. Eliezer	male	0	0	14973	8,05	S	Titanic
584	585	0	3.0	Murdlin, Mr. Joseph	male	0	0	A./5. 3235	8,05	S	Titanic
585	586	0	3.0	Rintamaki, Mr. Matti	male	0	0	STON/O 2. 3101273	7,125	S	Titanic
586	587	1	1.0	Stephenson, Mrs. Walter Bertram (Martha Eustis)	female	1	0	36947	78,2667	C	Titanic
587	588	0	3.0	Elsbury, Mr. William James	male	0	0	A/5 3902	7,25	S	Titanic
588	589	0	3.0	Bourke, Miss. Mary	female	0	2	364848	7,75	Q	Titanic
589	590	0	2.0	Chapman, Mr. John Henry	male	1	0	SC/AH 29037	26	S	Titanic
590	591	0	3.0	Van Impe, Mr. Jean Baptiste	male	1	1	345773	24,15	S	Titanic
591	592	1	2.0	Leitch, Miss. Jessie Wills	female	0	0	248727	33	S	Titanic
592	593	0	3.0	Johnson, Mr. Alfred	male	0	0	LINE	0	S	Titanic
593	594	0	3.0	Boulos, Mr. Hanna	male	0	0	2664	7,225	Co	Titanic
594	595	1	1.0	"Duff Gordon, Sir. Cosmo Edmund (""Mr Morgan"")"	male	1	0	PC 17485	56,9292	C	Titanic
595	596	1	2.0	Jacobsohn, Mrs. Sidney Samuel (Amy Frances Christy)	female	2	1	243847	27	S	Titanic
596	597	0	3.0	Slabenoff, Mr. Petco	male	0	0	349214	7,8958	S	Titanic
597	598	0	1.0	Harrington, Mr. Charles H	male	0	0	113796	42,4	S	Titanic
598	599	0	3.0	Torber, Mr. Ernst William	male	0	0	364511	8,05	S	Titanic
599	600	1	1.0	"Homer, Mr. Harry (""Mr E Haven"")"	male	0	0	111426	26,55	C	Titanic
600	601	0	3.0	Lindell, Mr. Edvard Bengtsson	male	1	0	349910	15,55	S	Titanic
601	602	0	3.0	Karaic, Mr. Milan	male	0	0	349246	7,8958	S	Titanic
602	603	1	1.0	Daniel, Mr. Robert Williams	male	0	0	113804	30,5	S	Titanic
603	604	1	2.0	Laroche, Mrs. Joseph (Juliette Marie Louise Lafargue)	female	1	2	SC/Paris 2123	41,5792	C	Titanic
604	605	1	1.0	Shutes, Miss. Elizabeth W	female	0	0	PC 17582	153,4625	S	Titanic
605	606	0	3.0	Andersson, Mrs. Anders Johan (Alfrida Konstantia Brogren)	female	1	5	347082	31,275	S	Titanic
606	607	0	3.0	Jardin, Mr. Jose Neto	male	0	0	SOTON/O.Q. 3101305	7,05	S	Titanic
607	608	1	3.0	Murphy, Miss. Margaret Jane	female	1	0	367230	15,5	Q	Titanic
608	609	0	3.0	Horgan, Mr. John	male	0	0	370377	7,75	Q	Titanic
609	610	0	3.0	Brocklebank, Mr. William Alfred	male	0	0	364512	8,05	S	Titanic
610	611	1	2.0	Herman, Miss. Alice	female	1	2	220845	65	S	Titanic
611	612	0	3.0	Danbom, Mr. Ernst Gilbert	male	1	1	347080	14,4	S	Titanic
612	613	0	3.0	Lobb, Mrs. William Arthur (Cordelia K Stanlick)	female	1	0	A/5. 3336	16,1	S	Titanic
613	614	1	2.0	Becker, Miss. Marion Louise	female	2	1	230136	39	S	Titanic
614	615	0	2.0	Gavey, Mr. Lawrence	male	0	0	31028	10,5	S	Titanic
615	616	0	3.0	Yasbeck, Mr. Antoni	male	1	0	2659	14,4542	C	Titanic
616	617	1	1.0	Kimball, Mr. Edwin Nelson Jr	male	1	0	11753	52,5542	S	Titanic
617	618	1	3.0	Nakid, Mr. Sahid	male	1	1	2653	15,7417	C	Titanic
618	619	0	3.0	Hansen, Mr. Henry Damsgaard	male	0	0	350029	7,8542	S	Titanic
619	620	0	3.0	"Bowen, Mr. David John ""Dai"""	male	0	0	54636	16,1	S	Titanic
620	621	0	1.0	Sutton, Mr. Frederick	male	0	0	36963	32,3208	S	Titanic
621	622	0	2.0	Kirkland, Rev. Charles Leonard	male	0	0	219533	12,35	Qe	Titanic
622	623	1	1.0	Longley, Miss. Gretchen Fiske	female	0	0	13502	77,9583	S	Titanic
623	624	0	3.0	Bostandyeff, Mr. Guentcho	male	0	0	349224	7,8958	S	Titanic
624	625	0	3.0	O'Connell, Mr. Patrick D	male	0	0	334912	7,7333	Q	Titanic
625	626	1	1.0	Barkworth, Mr. Algernon Henry Wilson	male	0	0	27042	30	S	Titanic
626	627	0	3.0	Lundahl, Mr. Johan Svensson	male	0	0	347743	7,0542	S	Titanic
627	628	1	1.0	Stahelin-Maeglin, Dr. Max	male	0	0	13214	30,5	C	Titanic
628	629	0	1.0	Parr, Mr. William Henry Marsh	male	0	0	112052	0	S	Titanic
629	630	0	3.0	Skoog, Miss. Mabel	female	3	2	347088	27,9	S	Titanic
630	631	1	2.0	Davis, Miss. Mary	female	0	0	237668	13	S	Titanic
631	632	0	3.0	Leinonen, Mr. Antti Gustaf	male	0	0	STON/O 2. 3101292	7,925	S	Titanic
632	633	0	2.0	Collyer, Mr. Harvey	male	1	1	C.A. 31921	26,25	S	Titanic
633	634	0	3.0	Panula, Mrs. Juha (Maria Emilia Ojala)	female	0	5	3101295	39,6875	S	Titanic
634	635	0	3.0	Thorneycroft, Mr. Percival	male	1	0	376564	16,1	S	Titanic
635	636	0	3.0	Jensen, Mr. Hans Peder	male	0	0	350050	7,8542	S	Titanic
636	637	1	1.0	Sagesser, Mlle. Emma	female	0	0	PC 17477	69,3	C	Titanic
637	638	0	3.0	Skoog, Miss. Margit Elizabeth	female	3	2	347088	27,9	S	Titanic
638	639	1	3.0	Foo, Mr. Choong	male	0	0	1601	56,4958	S	Titanic
639	640	1	3.0	Baclini, Miss. Eugenie	female	2	1	2666	19,2583	C	Titanic
640	641	1	1.0	Harper, Mr. Henry Sleeper	male	1	0	PC 17572	76,7292	C	Titanic
641	642	0	3.0	Cor, Mr. Liudevit	male	0	0	349231	7,8958	S	Titanic
642	643	1	1.0	Simonius-Blumer, Col. Oberst Alfons	male	0	0	13213	35,5	C	Titanic
643	644	0	3.0	Willey, Mr. Edward	male	0	0	S.O./P.P. 751	7,55	S	Titanic
644	645	1	3.0	Stanley, Miss. Amy Zillah Elsie	female	0	0	CA. 2314	7,55	S	Titanic
645	646	0	3.0	Mitkoff, Mr. Mito	male	0	0	349221	7,8958	S	Titanic
646	647	1	2.0	Doling, Miss. Elsie	female	0	1	231919	23	S	Titanic
647	648	0	3.0	Kalvik, Mr. Johannes Halvorsen	male	0	0	8475	8,4333	S	Titanic
648	649	1	3.0	"O'Leary, Miss. Hanora ""Norah"""	female	0	0	330919	7,8292	Q	Titanic
649	650	0	3.0	"Hegarty, Miss. Hanora ""Nora"""	female	0	0	365226	6,75	Q	Titanic
650	651	0	2.0	Hickman, Mr. Leonard Mark	male	2	0	S.O.C. 14879	73,5	S	Titanic
651	652	0	3.0	Radeff, Mr. Alexander	male	0	0	349223	7,8958	S	Titanic
652	653	0	3.0	Bourke, Mrs. John (Catherine)	female	1	1	364849	15,5	Q	Titanic
653	654	0	2.0	Eitemiller, Mr. George Floyd	male	0	0	29751	13	S	Titanic
654	655	0	1.0	Newell, Mr. Arthur Webster	male	0	2	35273	113,275	C	Titanic
655	656	1	1.0	Frauenthal, Dr. Henry William	male	2	0	PC 17611	133,65	S	Titanic
656	657	0	3.0	Badt, Mr. Mohamed	male	0	0	2623	7,225	C	Titanic
657	658	0	1.0	Colley, Mr. Edward Pomeroy	male	0	0	5727	25,5875	S	Titanic
658	659	0	3.0	Coleff, Mr. Peju	male	0	0	349210	7,4958	S	Titanic
659	660	1	3.0	Lindqvist, Mr. Eino William	male	1	0	STON/O 2. 3101285	7,925	S	Titanic
660	661	0	2.0	Hickman, Mr. Lewis	male	2	0	S.O.C. 14879	73,5	S	Titanic
661	662	0	2.0	Butler, Mr. Reginald Fenton	male	0	0	234686	13	S	Titanic
662	663	0	3.0	Rommetvedt, Mr. Knud Paust	male	0	0	312993	7,775	S	Titanic
663	664	0	3.0	Cook, Mr. Jacob	male	0	0	A/5 3536	8,05	S	Titanic
664	665	1	1.0	Taylor, Mrs. Elmer Zebley (Juliet Cummins Wright)	female	1	0	19996	52	S	Titanic
665	666	1	2.0	Brown, Mrs. Thomas William Solomon (Elizabeth Catherine Ford)	female	1	1	29750	39	S	Titanic
666	667	0	1.0	Davidson, Mr. Thornton	male	1	0	F.C. 12750	52	S	Titanic
667	668	0	2.0	Mitchell, Mr. Henry Michael	male	0	0	C.A. 24580	10,5	S	Titanic
668	669	1	2.0	Wilhelms, Mr. Charles	male	0	0	244270	13	S	Titanic
669	670	0	2.0	Watson, Mr. Ennis Hastings	male	0	0	239856	0	S	Titanic
670	671	0	3.0	Edvardsson, Mr. Gustaf Hjalmar	male	0	0	349912	7,775	S	Titanic
671	672	0	3.0	Sawyer, Mr. Frederick Charles	male	0	0	342826	8,05	S	Titanic
672	673	1	3.0	Turja, Miss. Anna Sofia	female	0	0	4138	9,8417	S	Titanic
673	674	1	1.0	Hoytt, Mr. Frederick Maxfield	male	1	0	19943	90	S	Titanic
674	675	1	1.0	Cardeza, Mr. Thomas Drake Martinez	male	0	1	PC 17755	512,3292	C	Titanic
675	676	0	3.0	Peters, Miss. Katie	female	0	0	330935	8,1375	Q	Titanic
676	677	1	1.0	Hassab, Mr. Hammad	male	0	0	PC 17572	76,7292	C	Titanic
677	678	0	3.0	Olsvigen, Mr. Thor Anderson	male	0	0	6563	9,225	S	Titanic
678	679	0	3.0	Goodwin, Mr. Charles Edward	male	5	2	CA 2144	46,9	S	Titanic
679	680	0	2.0	Brown, Mr. Thomas William Solomon	male	1	1	29750	39	S	Titanic
680	681	0	2.0	Laroche, Mr. Joseph Philippe Lemercier	male	1	2	SC/Paris 2123	41,5792	C	Titanic
681	682	0	3.0	Panula, Mr. Jaako Arnold	male	4	1	3101295	39,6875	S	Titanic
682	683	0	3.0	Dakic, Mr. Branko	male	0	0	349228	10,1708	S	Titanic
683	684	0	3.0	Fischer, Mr. Eberhard Thelander	male	0	0	350036	7,7958	S	Titanic
684	685	1	1.0	Madill, Miss. Georgette Alexandra	female	0	1	24160	211,3375	S	Titanic
685	686	1	1.0	Dick, Mr. Albert Adrian	male	1	0	17474	57	S	Titanic
686	687	1	3.0	Karun, Miss. Manca	female	0	1	349256	13,4167	C	Titanic
687	688	1	3.0	Lam, Mr. Ali	male	0	0	1601	56,4958	S	Titanic
688	689	0	3.0	Saad, Mr. Khalil	male	0	0	2672	7,225	C	Titanic
689	690	0	1.0	Weir, Col. John	male	0	0	113800	26,55	S	Titanic
690	691	0	2.0	Chapman, Mr. Charles Henry	male	0	0	248731	13,5	S	Titanic
691	692	0	3.0	Kelly, Mr. James	male	0	0	363592	8,05	S	Titanic
692	693	1	3.0	"Mullens, Miss. Katherine ""Katie"""	female	0	0	35852	7,7333	Q	Titanic
693	694	0	1.0	Thayer, Mr. John Borland	male	1	1	17421	110,8833	C	Titanic
694	695	0	3.0	Humblen, Mr. Adolf Mathias Nicolai Olsen	male	0	0	348121	7,65	S	Titanic
695	696	1	1.0	Astor, Mrs. John Jacob (Madeleine Talmadge Force)	female	1	0	PC 17757	227,525	C	Titanic
696	697	1	1.0	Silverthorne, Mr. Spencer Victor	male	0	0	PC 17475	26,2875	S	Titanic
697	698	0	3.0	Barbara, Miss. Saiide	female	0	1	2691	14,4542	C	Titanic
698	699	0	3.0	Gallagher, Mr. Martin	male	0	0	36864	7,7417	Q	Titanic
699	700	0	3.0	Hansen, Mr. Henrik Juul	male	1	0	350025	7,8542	S	Titanic
700	701	0	2.0	"Morley, Mr. Henry Samuel (""Mr Henry Marshall"")"	male	0	0	250655	26	S	Titanic
701	702	1	2.0	"Kelly, Mrs. Florence ""Fannie"""	female	0	0	223596	13,5	S	Titanic
702	703	1	1.0	Calderhead, Mr. Edward Pennington	male	0	0	PC 17476	26,2875	S	Titanic
703	704	1	1.0	Cleaver, Miss. Alice	female	0	0	113781	151,55	S	Titanic
704	705	1	3.0	"Moubarek, Master. Halim Gonios (""William George"")"	male	1	1	2661	15,2458	C	Titanic
705	706	1	1.0	"Mayne, Mlle. Berthe Antonine (""Mrs de Villiers"")"	female	0	0	PC 17482	49,5042	C	Titanic
706	707	0	1.0	Klaber, Mr. Herman	male	0	0	113028	26,55	S	Titanic
707	708	1	1.0	Taylor, Mr. Elmer Zebley	male	1	0	19996	52	S	Titanic
708	709	0	3.0	Larsson, Mr. August Viktor	male	0	0	7545	9,4833	S	Titanic
709	710	0	2.0	Greenberg, Mr. Samuel	male	0	0	250647	13	S	Titanic
710	711	0	3.0	Soholt, Mr. Peter Andreas Lauritz Andersen	male	0	0	348124	7,65	S	Titanic
711	712	1	1.0	Endres, Miss. Caroline Louise	female	0	0	PC 17757	227,525	C	Titanic
712	713	1	2.0	"Troutt, Miss. Edwina Celia ""Winnie"""	female	0	0	34218	10,5	S	Titanic
713	714	0	3.0	McEvoy, Mr. Michael	male	0	0	36568	15,5	Q	Titanic
714	715	0	3.0	Johnson, Mr. Malkolm Joackim	male	0	0	347062	7,775	S	Titanic
715	716	1	2.0	"Harper, Miss. Annie Jessie ""Nina"""	female	0	1	248727	33	S	Titanic
716	717	0	3.0	Jensen, Mr. Svend Lauritz	male	1	0	350048	7,0542	S	Titanic
717	718	0	2.0	Gillespie, Mr. William Henry	male	0	0	12233	13	S	Titanic
718	719	0	2.0	Hodges, Mr. Henry Price	male	0	0	250643	13	S	Titanic
719	720	1	1.0	Chambers, Mr. Norman Campbell	male	1	0	113806	53,1	S	Titanic
720	721	0	3.0	Oreskovic, Mr. Luka	male	0	0	315094	8,6625	S	Titanic
721	722	1	2.0	Renouf, Mrs. Peter Henry (Lillian Jefferys)	female	3	0	31027	21	S	Titanic
722	723	1	3.0	Mannion, Miss. Margareth	female	0	0	36866	7,7375	Q	Titanic
723	724	0	2.0	Bryhl, Mr. Kurt Arnold Gottfrid	male	1	0	236853	26	S	Titanic
724	725	0	3.0	Ilmakangas, Miss. Pieta Sofia	female	1	0	STON/O2. 3101271	7,925	S	Titanic
725	726	1	1.0	Allen, Miss. Elisabeth Walton	female	0	0	24160	211,3375	S	Titanic
726	727	0	3.0	Hassan, Mr. Houssein G N	male	0	0	2699	18,7875	C	Titanic
727	728	0	2.0	Knight, Mr. Robert J	male	0	0	239855	0	S	Titanic
728	729	0	2.0	Berriman, Mr. William John	male	0	0	28425	13	S	Titanic
729	730	0	2.0	Troupiansky, Mr. Moses Aaron	male	0	0	233639	13	S	Titanic
730	731	0	3.0	Williams, Mr. Leslie	male	0	0	54636	16,1	S	Titanic
731	732	0	3.0	Ford, Mrs. Edward (Margaret Ann Watson)	female	1	3	W./C. 6608	34,375	S	Titanic
732	733	1	1.0	Lesurer, Mr. Gustave J	male	0	0	PC 17755	512,3292	C	Titanic
733	734	0	3.0	Ivanoff, Mr. Kanio	male	0	0	349201	7,8958	S	Titanic
734	735	0	3.0	Nankoff, Mr. Minko	male	0	0	349218	7,8958	S	Titanic
735	736	1	1.0	Hawksford, Mr. Walter James	male	0	0	16988	30	S	Titanic
736	737	0	1.0	Cavendish, Mr. Tyrell William	male	1	0	19877	78,85	S	Titanic
737	738	1	1.0	"Ryerson, Miss. Susan Parker ""Suzette"""	female	2	2	PC 17608	262,375	C	Titanic
738	739	0	3.0	McNamee, Mr. Neal	male	1	0	376566	16,1	S	Titanic
739	740	1	3.0	Stranden, Mr. Juho	male	0	0	STON/O 2. 3101288	7,925	S	Titanic
740	741	0	1.0	Crosby, Capt. Edward Gifford	male	1	1	WE/P 5735	71	S	Titanic
741	742	0	3.0	Abbott, Mr. Rossmore Edward	male	1	1	C.A. 2673	20,25	S	Titanic
742	743	1	2.0	Sinkkonen, Miss. Anna	female	0	0	250648	13	S	Titanic
743	744	0	1.0	Marvin, Mr. Daniel Warner	male	1	0	113773	53,1	S	Titanic
744	745	0	3.0	Connaghton, Mr. Michael	male	0	0	335097	7,75	Q	Titanic
745	746	1	2.0	Wells, Miss. Joan	female	1	1	29103	23	S	Titanic
746	747	1	3.0	Moor, Master. Meier	male	0	1	392096	12,475	S	Titanic
747	748	0	3.0	Vande Velde, Mr. Johannes Joseph	male	0	0	345780	9,5	S	Titanic
748	749	0	3.0	Jonkoff, Mr. Lalio	male	0	0	349204	7,8958	S	Titanic
749	750	1	2.0	Herman, Mrs. Samuel (Jane Laver)	female	1	2	220845	65	S	Titanic
750	751	1	2.0	Hamalainen, Master. Viljo	male	1	1	250649	14,5	S	Titanic
751	752	0	3.0	Carlsson, Mr. August Sigfrid	male	0	0	350042	7,7958	S	Titanic
752	753	0	2.0	Bailey, Mr. Percy Andrew	male	0	0	29108	11,5	S	Titanic
753	754	0	3.0	Theobald, Mr. Thomas Leonard	male	0	0	363294	8,05	S	Titanic
754	755	1	1.0	Rothes, the Countess. of (Lucy Noel Martha Dyer-Edwards)	female	0	0	110152	86,5	S	Titanic
755	756	0	3.0	Garfirth, Mr. John	male	0	0	358585	14,5	S	Titanic
756	757	0	3.0	Nirva, Mr. Iisakki Antino Aijo	male	0	0	SOTON/O2 3101272	7,125	S	Titanic
757	758	1	3.0	Barah, Mr. Hanna Assi	male	0	0	2663	7,2292	C	Titanic
758	759	1	1.0	Carter, Mrs. William Ernest (Lucile Polk)	female	1	2	113760	120	S	Titanic
759	760	0	3.0	Eklund, Mr. Hans Linus	male	0	0	347074	7,775	S	Titanic
760	761	1	1.0	Hogeboom, Mrs. John C (Anna Andrews)	female	1	0	13502	77,9583	S	Titanic
761	762	0	1.0	Brewe, Dr. Arthur Jackson	male	0	0	112379	39,6	C	Titanic
762	763	0	3.0	Mangan, Miss. Mary	female	0	0	364850	7,75	Q	Titanic
763	764	0	3.0	Moran, Mr. Daniel J	male	1	0	371110	24,15	Q	Titanic
764	765	0	3.0	Gronnestad, Mr. Daniel Danielsen	male	0	0	8471	8,3625	S	Titanic
765	766	0	3.0	Lievens, Mr. Rene Aime	male	0	0	345781	9,5	S	Titanic
766	767	0	3.0	Jensen, Mr. Niels Peder	male	0	0	350047	7,8542	S	Titanic
767	768	0	2.0	Mack, Mrs. (Mary)	female	0	0	S.O./P.P. 3	10,5	S	Titanic
768	769	0	3.0	Elias, Mr. Dibo	male	0	0	2674	7,225	C	Titanic
769	770	1	2.0	Hocking, Mrs. Elizabeth (Eliza Needs)	female	1	3	29105	23	S	Titanic
770	771	0	3.0	Myhrman, Mr. Pehr Fabian Oliver Malkolm	male	0	0	347078	7,75	S	Titanic
771	772	0	3.0	Tobin, Mr. Roger	male	0	0	383121	7,75	Q	Titanic
772	773	1	3.0	Emanuel, Miss. Virginia Ethel	female	0	0	364516	12,475	S	Titanic
773	774	0	3.0	Kilgannon, Mr. Thomas J	male	0	0	36865	7,7375	Q	Titanic
774	775	1	1.0	Robert, Mrs. Edward Scott (Elisabeth Walton McMillan)	female	0	1	24160	211,3375	S	Titanic
775	776	1	3.0	Ayoub, Miss. Banoura	female	0	0	2687	7,2292	C	Titanic
776	777	1	1.0	Dick, Mrs. Albert Adrian (Vera Gillespie)	female	1	0	17474	57	S	Titanic
777	778	0	1.0	Long, Mr. Milton Clyde	male	0	0	113501	30	S	Titanic
778	779	0	3.0	Johnston, Mr. Andrew G	male	1	2	W./C. 6607	23,45	S	Titanic
779	780	0	3.0	Ali, Mr. William	male	0	0	SOTON/O.Q. 3101312	7,05	S	Titanic
780	781	0	3.0	Harmer, Mr. Abraham (David Lishin)	male	0	0	374887	7,25	S	Titanic
781	782	1	3.0	Sjoblom, Miss. Anna Sofia	female	0	0	3101265	7,4958	S	Titanic
782	783	0	3.0	Rice, Master. George Hugh	male	4	1	382652	29,125	Q	Titanic
783	784	1	3.0	Dean, Master. Bertram Vere	male	1	2	C.A. 2315	20,575	S	Titanic
784	785	0	1.0	Guggenheim, Mr. Benjamin	male	0	0	PC 17593	79,2	C	Titanic
785	786	0	3.0	"Keane, Mr. Andrew ""Andy"""	male	0	0	12460	7,75	Q	Titanic
786	787	0	2.0	Gaskell, Mr. Alfred	male	0	0	239865	26	S	Titanic
787	788	0	3.0	Sage, Miss. Stella Anna	female	8	2	CA. 2343	69,55	S	Titanic
788	789	0	1.0	Hoyt, Mr. William Fisher	male	0	0	PC 17600	30,6958	C	Titanic
789	790	0	3.0	Dantcheff, Mr. Ristiu	male	0	0	349203	7,8958	S	Titanic
790	791	0	2.0	Otter, Mr. Richard	male	0	0	28213	13	S	Titanic
791	792	1	1.0	Leader, Dr. Alice (Farnham)	female	0	0	17465	25,9292	S	Titanic
792	793	1	3.0	Osman, Mrs. Mara	female	0	0	349244	8,6833	S	Titanic
793	794	0	3.0	Ibrahim Shawah, Mr. Yousseff	male	0	0	2685	7,2292	C	Titanic
794	795	0	3.0	Van Impe, Mrs. Jean Baptiste (Rosalie Paula Govaert)	female	1	1	345773	24,15	S	Titanic
795	796	0	2.0	Ponesell, Mr. Martin	male	0	0	250647	13	S	Titanic
796	797	1	2.0	Collyer, Mrs. Harvey (Charlotte Annie Tate)	female	1	1	C.A. 31921	26,25	S	Titanic
797	798	1	1.0	Carter, Master. William Thornton II	male	1	2	113760	120	S	Titanic
798	799	1	3.0	Thomas, Master. Assad Alexander	male	0	1	2625	8,5167	C	Titanic
799	800	1	3.0	Hedman, Mr. Oskar Arvid	male	0	0	347089	6,975	S	Titanic
800	801	0	3.0	Johansson, Mr. Karl Johan	male	0	0	347063	7,775	S	Titanic
801	802	0	1.0	Andrews, Mr. Thomas Jr	male	0	0	112050	0	S	Titanic
802	803	0	3.0	Pettersson, Miss. Ellen Natalia	female	0	0	347087	7,775	S	Titanic
803	804	0	2.0	Meyer, Mr. August	male	0	0	248723	13	S	Titanic
804	805	1	1.0	Chambers, Mrs. Norman Campbell (Bertha Griggs)	female	1	0	113806	53,1	S	Titanic
805	806	0	3.0	Alexander, Mr. William	male	0	0	3474	7,8875	S	Titanic
806	807	0	3.0	Lester, Mr. James	male	0	0	A/4 48871	24,15	S	Titanic
807	808	0	2.0	Slemen, Mr. Richard James	male	0	0	28206	10,5	S	Titanic
808	809	0	3.0	Andersson, Miss. Ebba Iris Alfrida	female	4	2	347082	31,275	S	Titanic
809	810	0	3.0	Tomlin, Mr. Ernest Portage	male	0	0	364499	8,05	S	Titanic
810	811	0	1.0	Fry, Mr. Richard	male	0	0	112058	0	S	Titanic
811	812	0	3.0	Heininen, Miss. Wendla Maria	female	0	0	STON/O2. 3101290	7,925	S	Titanic
812	813	0	2.0	Mallet, Mr. Albert	male	1	1	S.C./PARIS 2079	37,0042	C	Titanic
813	814	0	3.0	Holm, Mr. John Fredrik Alexander	male	0	0	C 7075	6,45	S	Titanic
814	815	0	3.0	Skoog, Master. Karl Thorsten	male	3	2	347088	27,9	S	Titanic
815	816	1	1.0	Hays, Mrs. Charles Melville (Clara Jennings Gregg)	female	1	1	12749	93,5	S	Titanic
816	817	1	3.0	Lulic, Mr. Nikola	male	0	0	315098	8,6625	S	Titanic
817	818	0	1.0	Reuchlin, Jonkheer. John George	male	0	0	19972	0	S	Titanic
818	819	1	3.0	Moor, Mrs. (Beila)	female	0	1	392096	12,475	S	Titanic
819	820	0	3.0	Panula, Master. Urho Abraham	male	4	1	3101295	39,6875	S	Titanic
820	821	0	3.0	Flynn, Mr. John	male	0	0	368323	6,95	Q	Titanic
821	822	0	3.0	Lam, Mr. Len	male	0	0	1601	56,4958	S	Titanic
822	823	1	2.0	Mallet, Master. Andre	male	0	2	S.C./PARIS 2079	37,0042	C	Titanic
823	824	1	3.0	McCormack, Mr. Thomas Joseph	male	0	0	367228	7,75	Q	Titanic
824	825	1	3.0	Yasbeck, Mrs. Antoni (Selini Alexander)	female	1	0	2659	14,4542	C	Titanic
825	826	1	2.0	Richards, Master. George Sibley	male	1	1	29106	18,75	S	Titanic
826	827	0	3.0	Saad, Mr. Amin	male	0	0	2671	7,2292	C	Titanic
827	828	0	3.0	Augustsson, Mr. Albert	male	0	0	347468	7,8542	S	Titanic
828	829	0	3.0	Allum, Mr. Owen George	male	0	0	2223	8,3	S	Titanic
829	830	1	1.0	Compton, Miss. Sara Rebecca	female	1	1	PC 17756	83,1583	C	Titanic
830	831	0	3.0	Pasic, Mr. Jakob	male	0	0	315097	8,6625	S	Titanic
831	832	0	3.0	Sirota, Mr. Maurice	male	0	0	392092	8,05	S	Titanic
832	833	1	3.0	Chip, Mr. Chang	male	0	0	1601	56,4958	S	Titanic
833	834	1	1.0	Marechal, Mr. Pierre	male	0	0	11774	29,7	C	Titanic
834	835	0	3.0	Alhomaki, Mr. Ilmari Rudolf	male	0	0	SOTON/O2 3101287	7,925	S	Titanic
835	836	0	2.0	Mudd, Mr. Thomas Charles	male	0	0	S.O./P.P. 3	10,5	S	Titanic
836	837	1	1.0	Serepeca, Miss. Augusta	female	0	0	113798	31	C	Titanic
837	838	0	3.0	Lemberopolous, Mr. Peter L	male	0	0	2683	6,4375	C	Titanic
838	839	0	3.0	Culumovic, Mr. Jeso	male	0	0	315090	8,6625	S	Titanic
839	840	0	3.0	Abbing, Mr. Anthony	male	0	0	C.A. 5547	7,55	S	Titanic
840	841	0	3.0	Sage, Mr. Douglas Bullen	male	8	2	CA. 2343	69,55	S	Titanic
841	842	0	3.0	Markoff, Mr. Marin	male	0	0	349213	7,8958	C	Titanic
842	843	0	2.0	Harper, Rev. John	male	0	1	248727	33	S	Titanic
843	844	1	1.0	Goldenberg, Mrs. Samuel L (Edwiga Grabowska)	female	1	0	17453	89,1042	C	Titanic
844	845	0	3.0	Andersson, Master. Sigvard Harald Elias	male	4	2	347082	31,275	S	Titanic
845	846	0	3.0	Svensson, Mr. Johan	male	0	0	347060	7,775	S	Titanic
846	847	0	3.0	Boulos, Miss. Nourelain	female	1	1	2678	15,2458	C	Titanic
847	848	1	1.0	Lines, Miss. Mary Conover	female	0	1	PC 17592	39,4	S	Titanic
848	849	0	2.0	Carter, Mrs. Ernest Courtenay (Lilian Hughes)	female	1	0	244252	26	S	Titanic
849	850	1	3.0	Aks, Mrs. Sam (Leah Rosen)	female	0	1	392091	9,35	S	Titanic
850	851	1	1.0	Wick, Mrs. George Dennick (Mary Hitchcock)	female	1	1	36928	164,8667	S	Titanic
851	852	1	1.0	Daly, Mr. Peter Denis	male	0	0	113055	26,55	S	Titanic
852	853	0	3.0	Baclini, Mrs. Solomon (Latifa Qurban)	female	0	3	2666	19,2583	C	Titanic
853	854	0	3.0	Razi, Mr. Raihed	male	0	0	2629	7,2292	C	Titanic
854	855	0	3.0	Hansen, Mr. Claus Peter	male	2	0	350026	14,1083	S	Titanic
855	856	0	2.0	Giles, Mr. Frederick Edward	male	1	0	28134	11,5	S	Titanic
856	857	1	1.0	Swift, Mrs. Frederick Joel (Margaret Welles Barron)	female	0	0	17466	25,9292	S	Titanic
857	858	0	3.0	"Sage, Miss. Dorothy Edith ""Dolly"""	female	8	2	CA. 2343	69,55	S	Titanic
858	859	0	2.0	Gill, Mr. John William	male	0	0	233866	13	S	Titanic
859	860	1	2.0	Bystrom, Mrs. (Karolina)	female	0	0	236852	13	S	Titanic
860	861	1	2.0	Duran y More, Miss. Asuncion	female	1	0	SC/PARIS 2149	13,8583	C	Titanic
861	862	0	2.0	Roebling, Mr. Washington Augustus II	male	0	0	PC 17590	50,4958	S	Titanic
862	863	0	3.0	van Melkebeke, Mr. Philemon	male	0	0	345777	9,5	S	Titanic
863	864	0	3.0	Balkic, Mr. Cerin	male	0	0	349248	7,8958	S	Titanic
864	865	1	1.0	Beckwith, Mrs. Richard Leonard (Sallie Monypeny)	female	1	1	11751	52,5542	S	Titanic
865	866	0	1.0	Carlsson, Mr. Frans Olof	male	0	0	695	5	S	Titanic
866	867	0	3.0	Vander Cruyssen, Mr. Victor	male	0	0	345765	9	S	Titanic
867	868	1	2.0	Abelson, Mrs. Samuel (Hannah Wizosky)	female	1	0	P/PP 3381	24	C	Titanic
868	869	1	3.0	"Najib, Miss. Adele Kiamie ""Jane"""	female	0	0	2667	7,225	C	Titanic
869	870	0	3.0	Gustafsson, Mr. Alfred Ossian	male	0	0	7534	9,8458	S	Titanic
870	871	0	3.0	Petroff, Mr. Nedelio	male	0	0	349212	7,8958	S	Titanic
871	872	0	3.0	Laleff, Mr. Kristo	male	0	0	349217	7,8958	S	Titanic
872	873	1	1.0	Potter, Mrs. Thomas Jr (Lily Alexenia Wilson)	female	0	1	11767	83,1583	C	Titanic
873	874	1	2.0	Shelley, Mrs. William (Imanita Parrish Hall)	female	0	1	230433	26	S	Titanic
874	875	0	3.0	Markun, Mr. Johann	male	0	0	349257	7,8958	S	Titanic
875	876	0	3.0	Dahlberg, Miss. Gerda Ulrika	female	0	0	7552	10,5167	S	Titanic
876	877	0	2.0	Banfield, Mr. Frederick James	male	0	0	C.A./SOTON 34068	10,5	S	Titanic
877	878	0	3.0	Sutehall, Mr. Henry Jr	male	0	0	SOTON/OQ 392076	7,05	S	Titanic
878	879	0	3.0	Rice, Mrs. William (Margaret Norton)	female	0	5	382652	29,125	Q	Titanic
879	880	0	2.0	Montvila, Rev. Juozas	male	0	0	211536	13	S	Titanic
880	881	1	1.0	Graham, Miss. Margaret Edith	female	0	0	112053	30	S	Titanic
881	882	0	3.0	"Johnston, Miss. Catherine Helen ""Carrie"""	female	1	2	W./C. 6607	23,45	S	Titanic
882	883	1	1.0	Behr, Mr. Karl Howell	male	0	0	111369	30	C	Titanic
883	884	0	3.0	Dooley, Mr. Patrick	male	0	0	370376	7,75	Q	Titanic
884	885	1	1.0	Mr. Frederick Maxfield Hoyt	male	1	0	19943	90	S	Titanic
885	886	1	3.0	Sandstrom, Miss. Marguerite Ru&5$$	female	1	1	PP 9549	16,7	S	Titanic
886	887	0	3.0	Vestrom, Miss. Hulda Amanda Adolfina	female	0	0	350406	7,8542	S	Titanic
